Player,Team,Mat,Inns,NO,Runs,HS,Ave,BF,SR,100,50,0,4s,6s,Opponent
Mohammad Rizwan ,Pakistan,18,17,2,618,98*,41.20,487,126.89,0,5,0,61,15,New Zealand
Babar Azam ,Pakistan,15,14,2,577,110*,48.08,409,141.07,1,4,0,56,14,England
N Pooran ,West Indies,18,18,1,535,67,31.47,410,130.48,0,4,1,40,31,India
Babar Azam ,Pakistan,15,14,2,520,101*,43.33,382,136.12,1,5,0,65,9,New Zealand
Mohammad Rizwan ,Pakistan,12,10,2,507,88*,63.37,369,137.39,0,6,0,39,16,England
DA Warner ,Australia,8,8,4,423,100*,105.75,286,147.90,1,4,0,51,6,Sri Lanka
MS Chapman ,New Zealand,14,12,4,413,104*,51.62,255,161.96,1,2,0,41,17,Pakistan
SA Yadav ,India,12,11,1,408,83,40.80,248,164.51,0,4,0,35,24,West Indies
PD Salt ,England,8,8,1,391,119,55.85,209,187.08,2,1,1,27,27,West Indies
Q de Kock ,South Africa,8,8,0,376,100,47.00,246,152.84,1,3,1,32,18,West Indies
R Powell ,West Indies,16,15,3,370,68*,30.83,253,146.24,0,2,0,23,23,India
FH Allen ,New Zealand,9,9,0,366,137,40.66,200,183.00,1,2,0,28,31,Pakistan
MS Wade ,Australia,11,10,5,362,80,72.40,215,168.37,0,2,0,37,15,India
AJ Finch ,Australia,13,13,2,361,64,32.81,285,126.66,0,2,1,33,13,Sri Lanka
JM Bairstow ,England,10,9,1,359,90,44.87,232,154.74,0,3,0,30,18,South Africa
RG Sharma ,India,12,12,1,359,71,32.63,256,140.23,0,3,1,33,20,West Indies
V Kohli ,India,8,8,2,358,94*,59.66,247,144.93,0,4,0,28,15,West Indies
DA Warner ,Australia,6,6,1,351,89*,70.20,207,169.56,0,4,0,46,12,West Indies
DA Miller ,South Africa,13,11,5,350,106*,58.33,209,167.46,1,2,1,20,24,India
Mohammad Rizwan ,Pakistan,8,8,3,348,104*,69.60,239,145.60,1,3,2,32,14,South Africa
DP Conway ,New Zealand,8,7,2,347,99*,69.40,241,143.98,0,3,0,31,9,Australia
SO Hetmyer ,West Indies,16,15,1,344,61,24.57,259,132.81,0,3,1,19,25,India
SA Yadav ,India,6,6,1,343,100,68.60,193,177.72,1,4,0,28,23,South Africa
JC Buttler ,England,6,6,3,342,77*,114.00,201,170.14,0,4,0,36,14,Australia
MR Marsh ,Australia,10,10,0,337,75,33.70,217,155.29,0,4,0,30,16,West Indies
BA King ,West Indies,13,12,1,336,85*,30.54,275,122.18,0,2,1,35,13,India
DJ Malan ,England,10,10,2,334,103*,41.75,236,141.52,1,2,1,34,12,New Zealand
N Pooran ,West Indies,13,13,1,326,82,27.16,247,131.98,0,2,0,19,21,England
KL Rahul ,India,8,8,1,322,65,46.00,234,137.60,0,3,0,26,13,New Zealand
MD Shanaka ,Sri Lanka,13,11,4,316,74*,45.14,184,171.73,0,2,0,20,21,India
HE van der Dussen ,South Africa,7,7,4,315,94*,105.00,210,150.00,0,2,0,16,18,England
RG Sharma ,India,8,8,1,313,65,44.71,210,149.04,0,4,0,23,18,New Zealand
KS Williamson ,New Zealand,9,9,3,311,59,51.83,248,125.40,0,3,0,28,6,Pakistan
DJ Mitchell ,New Zealand,11,11,2,309,72*,34.33,203,152.21,0,3,0,22,11,Pakistan
Q de Kock ,South Africa,9,8,2,306,79*,51.00,218,140.36,0,4,0,28,13,India
P Nissanka ,Sri Lanka,10,10,0,297,73,29.70,275,108.00,0,1,0,26,4,Australia
RR Pant ,India,12,12,4,295,65*,36.87,198,148.98,0,2,2,26,11,West Indies
V Kohli ,India,8,8,3,293,80*,58.60,206,142.23,0,4,1,25,11,England
DJ Malan ,England,12,12,2,291,78*,29.10,242,120.24,0,2,1,34,5,Pakistan
RR Hendricks ,South Africa,8,8,0,289,83,36.12,170,170.00,0,2,0,36,9,West Indies
SA Yadav ,India,8,8,2,284,111*,47.33,185,153.51,1,1,1,26,15,New Zealand
R Powell ,West Indies,8,8,2,279,107,46.50,152,183.55,1,1,0,13,25,England
JM Bairstow ,England,9,9,1,278,86*,34.75,192,144.79,0,2,1,25,16,New Zealand
JC Buttler ,England,9,9,2,274,83*,39.14,181,151.38,0,3,2,20,14,India
Mohammad Rizwan ,Pakistan,8,7,2,274,78*,54.80,242,113.22,0,2,0,20,4,Bangladesh
SA Yadav ,India,7,6,0,274,117,45.66,143,191.60,1,1,0,30,14,England
MJ Guptill ,New Zealand,9,9,0,272,70,30.22,184,147.82,0,2,0,23,16,India
DJ Malan ,England,8,8,1,272,99*,38.85,183,148.63,0,2,0,27,11,South Africa
MM Ali ,England,14,11,3,269,61,33.62,167,161.07,0,3,0,24,14,Pakistan
GD Phillips ,New Zealand,13,11,1,267,70*,26.70,209,127.75,0,1,0,22,7,Pakistan
Babar Azam ,Pakistan,8,8,0,265,122,33.12,196,135.20,1,1,1,32,5,South Africa
DJ Malan ,England,8,8,1,265,77,37.85,201,131.84,0,2,0,27,10,India
GD Phillips ,New Zealand,6,5,0,264,108,52.80,136,194.11,1,1,0,20,20,West Indies
GJ Maxwell ,Australia,12,10,1,263,62,29.22,177,148.58,0,1,0,21,10,Sri Lanka
RR Hendricks ,South Africa,7,7,1,262,66,43.66,209,125.35,0,3,0,29,4,Sri Lanka
JC Buttler ,England,10,10,1,261,67*,29.00,156,167.30,0,2,0,28,13,South Africa
Q de Kock ,South Africa,10,10,0,259,65,25.90,159,162.89,0,1,1,18,17,England
SA Yadav ,India,8,8,0,259,80,32.37,152,170.39,0,2,1,21,17,Australia
HC Brook ,England,8,7,3,258,81*,64.50,169,152.66,0,1,0,20,13,Pakistan
MR Marsh ,Australia,9,9,3,258,77*,43.00,182,141.75,0,2,1,17,17,New Zealand
KS Williamson ,New Zealand,5,5,1,254,95,63.50,177,143.50,0,3,0,19,12,India
SA Yadav ,India,5,5,1,254,112*,63.50,160,158.75,1,2,0,17,15,Sri Lanka
KA Pollard ,West Indies,9,8,3,252,68,50.40,189,133.33,0,2,0,13,21,India
AK Markram ,South Africa,7,7,3,251,70,62.75,160,156.87,0,2,0,19,10,West Indies
Mohammad Rizwan ,Pakistan,7,4,0,249,87,62.25,163,152.76,0,2,0,26,6,West Indies
MJ Guptill ,New Zealand,6,6,0,246,97,41.00,172,143.02,0,2,1,19,15,Australia
FH Allen ,New Zealand,11,11,0,245,71,22.27,158,155.06,0,1,1,27,13,Bangladesh
DJ Malan ,England,7,7,1,244,82,40.66,171,142.69,0,2,0,27,7,Australia
DP Conway ,New Zealand,11,10,1,242,63,26.88,215,112.55,0,1,1,27,3,Pakistan
BM Duckett ,England,8,8,2,242,70*,40.33,153,158.16,0,1,0,32,2,Pakistan
SS Iyer ,India,6,5,3,242,74*,121.00,145,166.89,0,3,0,24,8,Sri Lanka
DP Conway ,New Zealand,5,4,2,241,92*,120.50,152,158.55,0,3,0,25,7,Bangladesh
MR Marsh ,Australia,7,7,2,241,92*,48.20,155,155.48,0,2,0,27,10,South Africa
KIC Asalanka ,Sri Lanka,10,10,1,240,39,26.66,194,123.71,0,0,1,22,9,Australia
Iftikhar Ahmed ,Pakistan,15,13,4,239,60,26.55,165,144.84,0,1,1,13,15,New Zealand
GD Phillips ,New Zealand,6,6,0,238,69,39.66,154,154.54,0,2,0,18,11,England
BA King ,West Indies,10,10,2,237,82*,29.62,193,122.79,0,2,2,24,10,England
V Kohli ,India,4,4,1,234,82*,78.00,180,130.00,0,3,0,18,7,Pakistan
E Lewis ,West Indies,6,6,0,234,71,39.00,146,160.27,0,3,0,17,19,South Africa
AD Russell ,West Indies,9,9,4,234,71,46.80,108,216.66,0,2,0,14,22,Australia
TL Seifert ,New Zealand,7,7,1,234,84*,39.00,188,124.46,0,2,1,20,8,Pakistan
KR Mayers ,West Indies,12,12,0,224,73,18.66,171,130.99,0,1,0,30,9,India
RD Gaikwad ,India,5,5,1,223,123*,55.75,140,159.28,1,1,1,21,10,Australia
Babar Azam ,Pakistan,5,5,1,220,66,55.00,163,134.96,0,3,0,23,4,Australia
BKG Mendis ,Sri Lanka,6,6,0,217,79,36.16,142,152.81,0,2,0,21,12,New Zealand
GD Phillips ,New Zealand,10,10,3,217,42,31.00,151,143.70,0,0,0,17,13,Australia
MD Shanaka ,Sri Lanka,12,12,2,217,54*,21.70,194,111.85,0,1,1,16,10,Australia
AJ Finch ,Australia,7,7,1,215,79*,35.83,165,130.30,0,2,0,21,8,New Zealand
DJ Mitchell ,New Zealand,11,11,1,213,59*,21.30,161,132.29,0,1,1,16,11,India
DP Conway ,New Zealand,6,5,1,212,65*,53.00,146,145.20,0,1,0,16,11,West Indies
HH Pandya ,India,8,7,1,212,63,35.33,142,149.29,0,2,0,16,12,England
JJ Roy ,England,10,10,1,212,70,23.55,176,120.45,0,1,1,20,7,South Africa
TL Seifert ,New Zealand,9,9,0,212,48,23.55,159,133.33,0,0,0,17,9,England
RR Hendricks ,South Africa,6,6,0,211,70,35.16,155,136.12,0,3,0,25,3,England
V Kohli ,India,6,6,0,210,85,35.00,155,135.48,0,2,0,12,9,Australia
AJ Finch ,Australia,8,8,0,209,58,26.12,187,111.76,0,2,0,21,3,West Indies
MP Stoinis ,Australia,10,9,4,208,59*,41.60,112,185.71,0,1,0,18,12,Sri Lanka
PBB Rajapaksa ,Sri Lanka,5,5,1,207,77,51.75,142,145.77,0,2,0,12,13,Pakistan
Ishan Kishan ,India,5,5,0,206,76,41.20,137,150.36,0,2,0,21,11,South Africa
TL Seifert ,New Zealand,6,6,1,205,88,41.00,137,149.63,0,2,1,18,9,Sri Lanka
SPD Smith ,Australia,8,8,0,205,52,25.62,166,123.49,0,1,0,18,5,India
JN Malan ,South Africa,7,7,0,202,55,28.85,142,142.25,0,1,0,22,9,Pakistan
Fakhar Zaman ,Pakistan,10,9,0,201,50,22.33,150,134.00,0,1,1,11,15,New Zealand
GJ Maxwell ,Australia,8,8,1,201,104*,28.71,123,163.41,1,1,1,13,14,India
GJ Maxwell ,Australia,10,10,1,200,70,22.22,114,175.43,0,1,0,22,12,New Zealand
AK Markram ,South Africa,5,5,0,199,63,39.80,112,177.67,0,3,0,26,9,Pakistan
JC Buttler ,England,3,3,2,197,101*,197.00,145,135.86,1,1,0,16,8,Sri Lanka
Mohammad Rizwan ,Pakistan,4,4,1,197,79*,65.66,160,123.12,0,2,0,17,6,India
SS Iyer ,India,10,9,2,196,58*,28.00,154,127.27,0,1,1,10,10,New Zealand
EJG Morgan ,England,6,6,2,196,91,49.00,101,194.05,0,1,0,15,15,New Zealand
Babar Azam ,Pakistan,8,8,1,195,66*,27.85,184,105.97,0,2,1,25,1,Bangladesh
AJ Finch ,Australia,7,7,0,194,46,27.71,161,120.49,0,0,1,21,5,England
Shan Masood ,Pakistan,8,7,1,194,65*,32.33,147,131.97,0,2,1,12,6,England
EJG Morgan ,England,7,6,2,191,57*,47.75,119,160.50,0,2,0,15,11,South Africa
LS Livingstone ,England,9,9,1,190,54*,23.75,126,150.79,0,1,0,8,14,West Indies
Mohammad Hafeez ,Pakistan,6,5,1,190,86*,47.50,112,169.64,0,2,0,10,13,England
KS Williamson ,New Zealand,7,7,0,190,85,27.14,138,137.68,0,2,1,15,8,Australia
Mohammad Naim ,Bangladesh,8,8,0,189,39,23.62,186,101.61,0,0,0,19,3,New Zealand
GD Phillips ,New Zealand,8,8,4,189,60,47.25,99,190.90,0,2,1,12,12,Bangladesh
Afif Hossain ,Bangladesh,9,9,1,186,36,23.25,170,109.41,0,0,0,12,8,Pakistan
JC Buttler ,England,6,6,1,185,55,37.00,134,138.05,0,2,0,22,6,West Indies
EJG Morgan ,England,6,6,1,184,66,36.80,104,176.92,0,2,0,13,12,Pakistan
KL Rahul ,India,4,4,0,184,91,46.00,125,147.20,0,2,0,17,9,West Indies
RG Sharma ,India,7,7,0,184,64,26.28,137,134.30,0,1,0,21,8,England
HH Pandya ,India,6,6,3,183,71*,61.00,105,174.28,0,1,0,14,11,Australia
N Pooran ,West Indies,7,5,1,183,64,45.75,117,156.41,0,2,0,8,17,Pakistan
TL Seifert ,New Zealand,8,8,2,183,57,30.50,143,127.97,0,2,0,14,8,India
DM de Silva ,Sri Lanka,9,8,2,179,57,29.83,139,128.77,0,1,0,18,3,India
Q de Kock ,South Africa,5,5,2,178,59*,59.33,153,116.33,0,2,0,21,1,Sri Lanka
C Munro ,New Zealand,5,5,0,178,64,35.60,136,130.88,0,2,0,18,7,India
P Nissanka ,Sri Lanka,8,7,0,177,75,25.28,156,113.46,0,2,1,22,2,India
PD Salt ,England,8,8,1,177,88*,25.28,115,153.91,0,1,0,24,4,Pakistan
JJ Roy ,England,8,8,0,175,49,21.87,152,115.13,0,0,2,17,8,India
T Bavuma ,South Africa,7,6,0,173,49,28.83,121,142.97,0,0,0,15,5,England
NT Tilak Varma ,India,5,5,2,173,51,57.66,123,140.65,0,1,0,15,7,West Indies
MR Marsh ,Australia,6,6,1,172,51,34.40,163,105.52,0,1,0,18,3,Bangladesh
KIC Asalanka ,Sri Lanka,8,8,1,171,53*,24.42,135,126.66,0,1,1,12,9,India
S Dhawan ,India,6,5,0,170,52,34.00,144,118.05,0,1,1,18,2,Sri Lanka
MS Wade ,Australia,11,9,2,170,39*,24.28,118,144.06,0,0,1,17,5,West Indies
MM Ali ,England,7,7,1,169,52,28.16,85,198.82,0,1,0,12,12,South Africa
TH David ,Australia,8,8,1,166,54,23.71,117,141.88,0,1,1,9,10,India
LRPL Taylor ,New Zealand,5,5,1,166,54*,41.50,126,131.74,0,2,0,11,6,India
WA Young ,New Zealand,8,7,0,166,53,23.71,162,102.46,0,1,0,15,6,Bangladesh
Ishan Kishan ,India,6,6,1,165,89,33.00,121,136.36,0,1,0,16,6,Sri Lanka
AK Markram ,South Africa,6,5,0,165,52,33.00,115,143.47,0,1,0,20,6,India
LMP Simmons ,West Indies,5,5,0,165,72,33.00,135,122.22,0,1,0,17,8,Australia
JP Inglis ,Australia,5,5,0,163,110,32.60,92,177.17,1,0,0,19,8,India
BKG Mendis ,Sri Lanka,10,10,1,162,69*,18.00,170,95.29,0,1,1,10,5,Australia
AJ Finch ,Australia,5,5,2,161,55,53.66,112,143.75,0,2,1,18,5,Pakistan
KD Karthik ,India,9,7,3,161,55,40.25,101,159.40,0,1,0,16,10,South Africa
BKG Mendis ,Sri Lanka,4,4,0,160,57,40.00,108,148.14,0,2,0,14,9,India
TWM Latham ,New Zealand,5,5,2,159,65*,53.00,146,108.90,0,2,0,10,3,Bangladesh
SPD Smith ,Australia,9,7,3,159,53*,39.75,125,127.20,0,1,0,14,2,Sri Lanka
MJ Guptill ,New Zealand,6,6,0,157,50,26.16,89,176.40,0,1,0,15,10,England
Afif Hossain ,Bangladesh,13,11,2,156,49*,17.33,139,112.23,0,0,1,9,5,New Zealand
MM Ali ,England,10,8,1,156,63,22.28,112,139.28,0,1,2,6,11,West Indies
JC Buttler ,England,5,4,1,155,73,51.66,100,155.00,0,1,0,14,6,New Zealand
SD Hope ,West Indies,10,10,1,155,43*,17.22,156,99.35,0,0,1,10,7,England
JP Inglis ,Australia,6,6,1,155,48,31.00,109,142.20,0,0,1,16,2,Sri Lanka
BKG Mendis ,Sri Lanka,3,3,0,155,60,51.66,95,163.15,0,2,0,12,9,Bangladesh
H Klaasen ,South Africa,8,8,2,154,50,25.66,100,154.00,0,1,1,17,5,Pakistan
Litton Das ,Bangladesh,11,11,1,154,41*,15.40,145,106.20,0,0,1,17,3,New Zealand
KIC Asalanka ,Sri Lanka,4,4,2,153,80*,76.50,87,175.86,0,1,0,6,14,Bangladesh
Mahmudullah ,Bangladesh,7,7,3,152,43*,38.00,151,100.66,0,0,0,14,3,New Zealand
TH David ,Australia,5,5,3,151,42,75.50,74,204.05,0,0,1,12,11,West Indies
Mohammad Hafeez ,Pakistan,4,4,1,151,99*,50.33,93,162.36,0,1,1,12,9,New Zealand
T Bavuma ,South Africa,10,10,2,150,49,18.75,159,94.33,0,0,2,12,4,India
DP Conway ,New Zealand,6,6,1,150,59,30.00,126,119.04,0,2,0,16,3,India
SS Iyer ,India,6,5,1,149,67,37.25,106,140.56,0,1,0,14,4,England
LMP Simmons ,West Indies,5,5,1,149,67*,37.25,111,134.23,0,1,0,15,6,Sri Lanka
MP Stoinis ,Australia,7,7,2,149,35,29.80,98,152.04,0,0,1,11,8,England
SW Billings ,England,6,5,1,148,87,37.00,90,164.44,0,1,0,12,7,West Indies
LS Livingstone ,England,4,4,1,148,103,49.33,69,214.49,1,0,0,8,13,Pakistan
N Pooran ,West Indies,4,3,1,148,74*,74.00,91,162.63,0,1,0,9,10,Bangladesh
KL Rahul ,India,6,6,0,147,55,24.50,109,134.86,0,2,1,11,6,Australia
MP Stoinis ,Australia,7,6,1,147,78,29.40,109,134.86,0,1,0,13,7,New Zealand
J Charles ,West Indies,3,3,0,146,118,48.66,61,239.34,1,0,1,11,14,South Africa
MDKJ Perera ,Sri Lanka,6,6,1,146,53*,29.20,130,112.30,0,1,0,10,4,New Zealand
V Kohli ,India,5,5,2,145,72*,48.33,115,126.08,0,1,0,13,4,South Africa
Najmul Hossain Shanto ,Bangladesh,3,3,2,144,51,144.00,113,127.43,0,1,0,12,2,England
Shubman Gill ,India,3,3,1,144,126*,72.00,78,184.61,1,0,0,15,7,New Zealand
GJ Maxwell ,Australia,6,6,2,143,120*,35.75,84,170.23,1,0,1,15,8,West Indies
Mohammad Naim ,Bangladesh,3,3,0,143,81,47.66,107,133.64,0,1,0,17,3,India
N Pooran ,West Indies,9,8,0,142,41,17.75,104,136.53,0,0,0,11,7,South Africa
DA Warner ,Australia,4,4,1,142,67*,47.33,110,129.09,0,2,0,14,3,South Africa
DJ Mitchell ,New Zealand,9,9,2,141,72*,20.14,107,131.77,0,1,1,6,7,England
HH Pandya ,India,9,8,1,141,31,20.14,126,111.90,0,0,0,7,8,West Indies
N Pooran ,West Indies,11,10,1,141,32*,15.66,118,119.49,0,0,0,10,10,Australia
JJ Roy ,England,6,6,0,141,52,23.50,110,128.18,0,1,0,13,9,West Indies
HE van der Dussen ,South Africa,6,6,2,140,56*,35.00,126,111.11,0,1,0,9,3,West Indies
FH Allen ,New Zealand,5,5,0,139,83,27.80,91,152.74,0,1,0,7,10,England
E Lewis ,West Indies,4,4,0,139,79,34.75,76,182.89,0,1,1,13,11,Australia
SPD Smith ,Australia,4,4,1,139,45,46.33,107,129.90,0,0,0,9,4,South Africa
YBK Jaiswal ,India,5,5,0,138,53,27.60,82,168.29,0,1,0,19,7,Australia
Babar Azam ,Pakistan,7,4,0,137,79,34.25,102,134.31,0,2,1,14,4,West Indies
T Banton ,England,3,3,0,137,71,45.66,89,153.93,0,1,0,12,6,Pakistan
SS Iyer ,India,8,8,1,137,64,19.57,115,119.13,0,1,1,15,3,West Indies
AK Markram ,South Africa,4,4,0,137,49,34.25,104,131.73,0,0,0,10,5,Australia
DA Warner ,Australia,5,5,0,136,73,27.20,107,127.10,0,2,1,12,2,England
KR Mayers ,West Indies,6,6,0,135,40,22.50,87,155.17,0,0,1,8,12,England
DJ Mitchell ,New Zealand,7,6,1,135,66,27.00,113,119.46,0,1,0,5,5,Sri Lanka
Mohammad Rizwan ,Pakistan,5,5,0,135,67,27.00,121,111.57,0,1,1,6,6,Australia
RR Pant ,India,8,7,0,135,30,19.28,103,131.06,0,0,0,16,4,England
MDKJ Perera ,Sri Lanka,4,4,0,135,57,33.75,105,128.57,0,1,0,11,3,Australia
MJ Guptill ,New Zealand,4,4,0,134,44,33.50,91,147.25,0,0,0,9,9,Bangladesh
Litton Das ,Bangladesh,5,5,0,134,69,26.80,103,130.09,0,1,0,13,4,Pakistan
HH Pandya ,India,8,6,2,133,46,33.25,97,137.11,0,0,0,11,6,South Africa
H Klaasen ,South Africa,5,5,0,132,66,26.40,79,167.08,0,1,0,10,5,England
P Nissanka ,Sri Lanka,4,4,0,132,51,33.00,111,118.91,0,1,0,13,2,West Indies
HH Pandya ,India,6,6,2,132,30*,33.00,112,117.85,0,0,0,10,3,New Zealand
I Udana ,Sri Lanka,3,3,2,132,84*,132.00,77,171.42,0,1,0,9,10,South Africa
AD Hales ,England,7,7,0,131,53,18.71,94,139.36,0,1,0,18,2,Pakistan
RR Rossouw ,South Africa,3,3,1,131,96*,65.50,77,170.12,0,1,0,17,5,England
Shakib Al Hasan ,Bangladesh,6,6,0,131,70,21.83,110,119.09,0,1,1,14,1,New Zealand
H Klaasen ,South Africa,6,5,0,130,81,26.00,88,147.72,0,1,0,12,7,India
HC Brook ,England,5,5,1,129,67,32.25,82,157.31,0,1,0,8,9,New Zealand
JC Buttler ,England,4,4,0,129,67,32.25,97,132.98,0,1,0,9,6,Bangladesh
JDS Neesham ,New Zealand,12,10,3,127,45*,18.14,85,149.41,0,0,0,11,6,Pakistan
BA Stokes ,England,6,5,1,126,47*,31.50,89,141.57,0,0,0,7,8,South Africa
KL Rahul ,India,4,4,1,125,52,41.66,95,131.57,0,2,0,12,4,Bangladesh
SO Hetmyer ,West Indies,3,2,2,124,81*,-,96,129.16,0,1,0,11,4,Sri Lanka
GD Phillips ,New Zealand,9,8,0,124,54,15.50,106,116.98,0,1,2,8,7,India
R Powell ,West Indies,5,5,0,123,63,24.60,85,144.70,0,1,0,8,7,Australia
JM Vince ,England,5,5,0,123,55,24.60,86,143.02,0,1,0,13,5,West Indies
T Banton ,England,5,5,0,122,73,24.40,78,156.41,0,1,0,10,8,West Indies
RG Sharma ,India,4,4,0,122,72,30.50,84,145.23,0,1,0,8,5,Sri Lanka
F du Plessis ,South Africa,3,3,1,121,58,60.50,88,137.50,0,2,0,10,5,England
CH Gayle ,West Indies,6,6,0,121,67,20.16,83,145.78,0,1,0,9,11,Australia
Iftikhar Ahmed ,Pakistan,4,4,2,121,62*,60.50,85,142.35,0,1,0,12,3,Australia
DA Miller ,South Africa,9,8,1,121,48,17.28,91,132.96,0,0,0,8,4,West Indies
MR Marsh ,Australia,4,4,1,120,45,40.00,92,130.43,0,0,1,8,5,England
Soumya Sarkar ,Bangladesh,8,7,0,119,51,17.00,82,145.12,0,1,0,14,4,New Zealand
DA Warner ,Australia,4,4,2,119,49,59.50,80,148.75,0,0,0,11,5,Pakistan
JM Bairstow ,England,5,5,2,118,40*,39.33,86,137.20,0,0,0,10,4,India
C Green ,Australia,3,3,0,118,61,39.33,55,214.54,0,2,0,16,7,India
RR Hendricks ,South Africa,7,6,0,118,49,19.66,100,118.00,0,0,0,17,2,India
Najmul Hossain Shanto ,Bangladesh,5,5,0,118,54,23.60,116,101.72,0,1,0,15,0,Pakistan
AR Patel ,India,3,3,2,117,65,117.00,60,195.00,0,1,0,10,7,Sri Lanka
KL Rahul ,India,3,3,1,117,57,58.50,98,119.38,0,2,0,7,9,South Africa
SS Iyer ,India,8,8,2,116,40,19.33,102,113.72,0,0,0,6,7,South Africa
TWM Latham ,New Zealand,5,5,0,116,64,23.20,102,113.72,0,1,1,13,2,Pakistan
DA Miller ,South Africa,3,3,2,116,85*,116.00,74,156.75,0,1,0,7,8,Pakistan
LRPL Taylor ,New Zealand,5,5,0,116,44,23.20,96,120.83,0,0,0,7,4,England
C de Grandhomme ,New Zealand,5,5,0,115,55,23.00,69,166.66,0,1,0,8,8,England
TM Head ,Australia,3,3,0,115,91,38.33,68,169.11,0,1,0,12,7,South Africa
RR Hendricks ,South Africa,4,4,0,115,56,28.75,99,116.16,0,1,0,8,4,Australia
Ishan Kishan ,India,6,6,0,115,35,19.16,128,89.84,0,0,0,13,2,West Indies
V Kohli ,India,5,5,0,114,45,22.80,97,117.52,0,0,0,8,2,New Zealand
Shakib Al Hasan ,Bangladesh,5,5,0,114,36,22.80,113,100.88,0,0,0,12,0,Australia
HE van der Dussen ,South Africa,5,3,0,114,64,38.00,85,134.11,0,1,0,5,4,Sri Lanka
JDS Neesham ,New Zealand,7,6,3,113,45*,37.66,57,198.24,0,0,1,4,9,Australia
AJ Finch ,Australia,4,4,0,111,55,27.75,81,137.03,0,1,1,14,2,South Africa
BA King ,West Indies,3,3,0,111,67,37.00,66,168.18,0,1,0,13,5,Pakistan
Shakib Al Hasan ,Bangladesh,4,4,1,111,68*,37.00,82,135.36,0,1,0,9,5,West Indies
MS Chapman ,New Zealand,7,7,0,110,63,15.71,108,101.85,0,1,3,11,2,India
Ishan Kishan ,India,3,3,0,110,58,36.66,76,144.73,0,2,1,5,9,Australia
C Munro ,New Zealand,5,5,0,110,46,22.00,75,146.66,0,0,0,6,7,England
MDKJ Perera ,Sri Lanka,3,3,0,110,66,36.66,72,152.77,0,1,0,10,4,West Indies
JM Vince ,England,4,4,0,110,59,27.50,83,132.53,0,1,0,11,3,New Zealand
Afif Hossain ,Bangladesh,6,6,1,109,37*,21.80,93,117.20,0,0,1,9,4,Australia
RR Rossouw ,South Africa,1,1,0,109,109,109.00,56,194.64,1,0,0,7,8,Bangladesh
Shadab Khan ,Pakistan,13,7,0,109,42,15.57,91,119.78,0,0,1,8,5,New Zealand
SO Hetmyer ,West Indies,4,3,0,108,61,36.00,89,121.34,0,1,0,5,4,Australia
SS Iyer ,India,3,3,1,108,62,54.00,59,183.05,0,1,0,7,8,Bangladesh
Mohammad Naim ,Bangladesh,6,6,0,108,30,18.00,119,90.75,0,0,0,8,3,Australia
RR Pant ,India,10,8,1,108,29,15.42,94,114.89,0,0,0,8,5,South Africa
CJ Bowes ,New Zealand,5,5,0,107,54,21.40,89,120.22,0,1,0,15,1,Pakistan
Iftikhar Ahmed ,Pakistan,10,7,1,107,31,17.83,90,118.88,0,0,1,7,5,England
Litton Das ,Bangladesh,4,4,0,107,49,26.75,102,104.90,0,0,0,10,2,West Indies
Mahmudullah ,Bangladesh,6,6,0,107,52,17.83,112,95.53,0,1,2,6,2,Australia
JC Buttler ,England,3,3,0,106,59,35.33,78,135.89,0,1,0,13,3,Pakistan
AK Markram ,South Africa,6,5,1,106,48,26.50,89,119.10,0,0,0,7,3,Sri Lanka
JJ Roy ,England,3,3,0,106,64,35.33,53,200.00,0,1,0,15,5,Pakistan
SSJ Brooks ,West Indies,3,3,1,105,56*,52.50,107,98.13,0,1,0,6,5,New Zealand
Litton Das ,Bangladesh,4,4,0,105,60,26.25,60,175.00,0,1,0,14,3,India
JR Philippe ,Australia,5,5,0,105,45,21.00,87,120.68,0,0,0,6,4,New Zealand
KL Rahul ,India,4,3,0,105,54,35.00,75,140.00,0,1,0,12,1,Sri Lanka
AD Russell ,West Indies,6,6,2,105,51,26.25,64,164.06,0,1,1,5,10,England
RK Singh ,India,5,4,2,105,46,52.50,60,175.00,0,0,0,13,4,Australia
MD Gunathilaka ,Sri Lanka,9,9,0,104,26,11.55,94,110.63,0,0,1,10,4,Australia
Mohammad Nawaz ,Pakistan,7,6,2,104,38*,26.00,70,148.57,0,0,1,6,8,New Zealand
GD Phillips ,New Zealand,1,1,0,104,104,104.00,64,162.50,1,0,0,10,4,Sri Lanka
Tamim Iqbal ,Bangladesh,2,2,0,104,65,52.00,87,119.54,0,1,0,11,2,Pakistan
C de Grandhomme ,New Zealand,3,3,0,103,59,34.33,75,137.33,0,1,1,6,5,Sri Lanka
Ishan Kishan ,India,7,7,0,103,36,14.71,111,92.79,0,0,0,16,2,New Zealand
Litton Das ,Bangladesh,4,4,0,103,73,25.75,84,122.61,0,1,0,15,1,England
AK Markram ,South Africa,2,2,2,103,52*,-,61,168.85,0,2,0,7,4,England
KA Pollard ,West Indies,3,2,1,103,75*,103.00,52,198.07,0,1,0,4,12,New Zealand
J Charles ,West Indies,5,5,0,102,42,20.40,74,137.83,0,0,0,10,5,Australia
Fakhar Zaman ,Pakistan,7,6,0,102,36,17.00,67,152.23,0,0,0,9,5,England
TM Head ,Australia,3,3,0,102,45,34.00,67,152.23,0,0,0,10,7,New Zealand
DA Miller ,South Africa,7,5,1,102,35*,25.50,71,143.66,0,0,0,8,5,England
SV Samson ,India,8,7,0,102,39,14.57,81,125.92,0,0,1,7,5,Sri Lanka
Shubman Gill ,India,5,5,0,102,77,20.40,85,120.00,0,1,0,5,6,West Indies
MS Wade ,Australia,9,7,0,102,44,14.57,79,129.11,0,0,0,8,5,New Zealand
RR Rossouw ,South Africa,4,4,1,100,100*,33.33,53,188.67,1,0,3,7,8,India
Haider Ali ,Pakistan,3,2,0,99,68,49.50,73,135.61,0,1,0,10,4,West Indies
DA Miller ,South Africa,5,4,2,99,41,49.50,60,165.00,0,0,0,8,4,Sri Lanka
MS Wade ,Australia,10,5,4,99,43*,99.00,70,141.42,0,0,0,7,3,Sri Lanka
KIC Asalanka ,Sri Lanka,4,4,0,98,67,24.50,74,132.43,0,1,0,2,8,New Zealand
RR Hendricks ,South Africa,3,3,0,98,54,32.66,77,127.27,0,1,0,11,3,Pakistan
RG Sharma ,India,4,4,0,98,85,24.50,62,158.06,0,1,0,8,6,Bangladesh
HE van der Dussen ,South Africa,7,5,1,98,75*,24.50,79,124.05,0,1,0,9,5,India
N Dickwella ,Sri Lanka,3,3,0,96,39,32.00,70,137.14,0,0,0,8,1,New Zealand
RD Gaikwad ,India,5,5,0,96,57,19.20,73,131.50,0,1,0,9,5,South Africa
JDS Neesham ,New Zealand,5,5,1,96,42,24.00,52,184.61,0,0,0,6,8,England
JDS Neesham ,New Zealand,6,4,3,96,48*,96.00,54,177.77,0,0,0,9,5,West Indies
Saim Ayub ,Pakistan,9,8,0,96,47,12.00,73,131.50,0,0,2,11,5,New Zealand
HE van der Dussen ,South Africa,6,6,0,96,37,16.00,76,126.31,0,0,0,8,5,Australia
Fakhar Zaman ,Pakistan,3,3,1,95,60,47.50,55,172.72,0,1,0,11,5,South Africa
AJ Finch ,Australia,5,5,0,95,35,19.00,62,153.22,0,0,1,13,3,India
MC Henriques ,Australia,5,5,0,95,33,19.00,77,123.37,0,0,0,4,5,West Indies
SE Rutherford ,West Indies,3,3,0,95,36,31.66,56,169.64,0,0,0,8,6,England
T Stubbs ,South Africa,3,3,1,95,72,47.50,44,215.90,0,1,0,4,9,England
TM Head ,Australia,3,3,0,94,35,31.33,52,180.76,0,0,0,18,2,India
MD Shanaka ,Sri Lanka,5,5,0,94,50,18.80,106,88.67,0,1,0,6,3,England
PJ van Biljon ,South Africa,5,4,0,94,42,23.50,73,128.76,0,0,0,7,4,Pakistan
FH Allen ,New Zealand,4,4,0,93,42,23.25,48,193.75,0,0,0,7,8,Australia
BA King ,West Indies,4,4,0,93,53,23.25,73,127.39,0,1,0,12,3,Australia
DJ Malan ,England,5,4,0,93,76,23.25,75,124.00,0,1,0,7,4,Sri Lanka
Mohammad Naim ,Bangladesh,5,5,0,93,47,18.60,103,90.29,0,0,1,5,4,Pakistan
MM Ali ,England,7,5,1,92,44,23.00,67,137.31,0,0,0,7,5,Australia
Babar Azam ,Pakistan,4,4,1,92,68*,30.66,72,127.77,0,1,1,10,2,India
JO Holder ,West Indies,6,5,3,92,34*,46.00,52,176.92,0,0,0,7,5,Australia
Imad Wasim ,Pakistan,8,7,1,92,31,15.33,68,135.29,0,0,0,12,1,New Zealand
VR Iyer ,India,3,3,2,92,35*,92.00,50,184.00,0,0,0,10,4,West Indies
KA Pollard ,West Indies,6,5,1,92,51*,23.00,66,139.39,0,1,0,4,7,South Africa
S Dhawan ,India,3,3,0,91,41,30.33,85,107.05,0,0,0,11,1,Bangladesh
Fakhar Zaman ,Pakistan,2,2,1,91,57*,91.00,87,104.59,0,1,0,6,3,Bangladesh
Mahmudullah ,Bangladesh,4,3,1,91,54,45.50,58,156.89,0,1,0,5,5,Sri Lanka
N Pooran ,West Indies,6,5,0,91,46,18.20,80,113.75,0,0,1,8,3,Sri Lanka
MJ Guptill ,New Zealand,6,5,0,90,34,18.00,67,134.32,0,0,0,10,4,West Indies
Haider Ali ,Pakistan,6,5,0,90,54,18.00,71,126.76,0,1,0,6,3,England
YBK Jaiswal ,India,3,3,1,90,84*,45.00,57,157.89,0,1,0,12,3,West Indies
E Lewis ,West Indies,6,5,0,90,40,18.00,69,130.43,0,0,2,7,7,India
DJ Malan ,England,4,4,1,90,53,30.00,87,103.44,0,1,0,10,2,Bangladesh
DA Warner ,Australia,3,3,0,90,53,30.00,64,140.62,0,1,0,6,6,New Zealand
MM Ali ,England,6,5,1,89,51*,22.25,64,139.06,0,1,0,4,5,New Zealand
MK Pandey ,India,5,4,4,89,50*,-,58,153.44,0,1,0,5,3,New Zealand
PBB Rajapaksa ,Sri Lanka,7,7,2,89,33*,17.80,73,121.91,0,0,1,8,3,Australia
JM Bairstow ,England,4,4,1,88,55,29.33,73,120.54,0,1,0,6,5,Australia
AD Hales ,England,3,3,0,88,84,29.33,60,146.66,0,1,1,13,3,Australia
BR McDermott ,Australia,6,6,0,88,53,14.66,87,101.14,0,1,1,6,3,Sri Lanka
Najmul Hossain Shanto ,Bangladesh,6,5,0,88,33,17.60,76,115.78,0,0,0,15,0,New Zealand
R Shepherd ,West Indies,3,3,2,88,44*,88.00,46,191.30,0,0,0,3,7,South Africa
LMP Simmons ,West Indies,4,4,0,88,47,22.00,97,90.72,0,0,0,5,5,South Africa
Faheem Ashraf ,Pakistan,8,6,1,87,31,17.40,57,152.63,0,0,0,6,6,New Zealand
Iftikhar Ahmed ,Pakistan,4,4,1,87,32,29.00,80,108.75,0,0,0,5,3,Sri Lanka
D Pretorius ,South Africa,6,3,2,87,77*,87.00,49,177.55,0,1,1,8,3,Sri Lanka
Afif Hossain ,Bangladesh,4,4,1,86,50,28.66,69,124.63,0,1,1,5,3,West Indies
Faheem Ashraf ,Pakistan,7,6,1,86,30*,17.20,60,143.33,0,0,0,6,4,South Africa
AD Hales ,England,1,1,1,86,86*,-,47,182.97,0,1,0,4,7,India
MW Short ,Australia,3,3,0,86,66,28.66,42,204.76,0,1,1,9,5,South Africa
HE van der Dussen ,South Africa,2,2,1,86,52,86.00,56,153.57,0,1,0,6,4,Pakistan
KA Pollard ,West Indies,6,5,0,85,38,17.00,45,188.88,0,0,2,3,9,Sri Lanka
SPD Smith ,Australia,4,2,1,85,80*,85.00,57,149.12,0,1,0,12,1,Pakistan
MP Stoinis ,Australia,4,4,2,85,45,42.50,59,144.06,0,0,0,4,5,India
Q de Kock ,South Africa,4,4,0,84,70,21.00,65,129.23,0,1,0,7,4,Australia
Mohammad Hafeez ,Pakistan,2,2,1,84,67*,84.00,65,129.23,0,1,0,12,1,Bangladesh
HH Pandya ,India,4,4,1,84,40,28.00,64,131.25,0,0,1,7,3,Pakistan
BA Stokes ,England,6,3,0,84,46,28.00,56,150.00,0,0,0,7,3,India
PW Hasaranga ,Sri Lanka,9,9,0,83,17,9.22,77,107.79,0,0,0,9,0,Australia
PW Hasaranga ,Sri Lanka,6,4,1,83,44,27.66,67,123.88,0,0,0,8,0,West Indies
C Karunaratne ,Sri Lanka,10,8,5,82,23*,27.33,71,115.49,0,0,1,1,5,India
JDS Neesham ,New Zealand,5,3,2,82,48,82.00,55,149.09,0,0,0,5,5,Bangladesh
R Powell ,West Indies,3,3,1,82,43*,41.00,41,200.00,0,0,0,3,8,South Africa
MD Shanaka ,Sri Lanka,7,7,1,82,35,13.66,70,117.14,0,0,1,8,2,New Zealand
RK Singh ,India,2,2,1,82,68*,82.00,49,167.34,0,1,0,9,3,South Africa
S Dhawan ,India,3,3,0,81,52,27.00,63,128.57,0,1,0,7,2,Australia
WIA Fernando ,Sri Lanka,7,6,0,81,26,13.50,80,101.25,0,0,0,11,1,India
MD Gunathilaka ,Sri Lanka,5,5,0,81,57,16.20,65,124.61,0,1,1,12,1,Pakistan
Iftikhar Ahmed ,Pakistan,3,3,1,81,51,40.50,57,142.10,0,1,0,4,5,India
HM Nicholls ,New Zealand,5,5,1,81,36*,20.25,84,96.42,0,0,0,7,0,Bangladesh
Shadab Khan ,Pakistan,10,6,2,80,36*,20.00,54,148.14,0,0,0,6,4,England
Q de Kock ,South Africa,2,2,0,79,63,39.50,53,149.05,0,1,0,10,3,Bangladesh
Mohammad Nawaz ,Pakistan,6,5,4,79,45*,79.00,45,175.55,0,0,0,7,4,Bangladesh
MD Shanaka ,Sri Lanka,5,5,1,79,27*,19.75,69,114.49,0,0,0,4,5,Pakistan
RG Sharma ,India,6,6,0,79,43,13.16,75,105.33,0,0,2,10,4,South Africa
Babar Azam ,Pakistan,5,5,0,78,30,15.60,87,89.65,0,0,0,5,0,Sri Lanka
T Bavuma ,South Africa,6,6,0,78,46,13.00,73,106.84,0,0,1,9,1,West Indies
BOP Fernando ,Sri Lanka,1,1,1,78,78*,-,48,162.50,0,1,0,8,3,Pakistan
DJ Hooda ,India,7,5,1,78,41*,19.50,57,136.84,0,0,0,3,5,Sri Lanka
TWM Latham ,New Zealand,3,3,1,78,31,39.00,69,113.04,0,0,0,7,1,Sri Lanka
DJ Mitchell ,New Zealand,6,5,2,78,34*,26.00,66,118.18,0,0,0,10,0,Bangladesh
DJ Mitchell ,New Zealand,4,3,0,78,48,26.00,48,162.50,0,0,0,2,5,West Indies
BA King ,West Indies,4,4,0,77,53,19.25,53,145.28,0,1,1,7,4,New Zealand
AD Russell ,West Indies,3,3,1,77,40*,38.50,32,240.62,0,0,0,2,10,Sri Lanka
SV Samson ,India,7,5,1,77,30*,19.25,62,124.19,0,0,0,7,2,West Indies
Yasir Ali ,Bangladesh,3,3,1,77,42*,38.50,39,197.43,0,0,0,8,4,Pakistan
S Dhawan ,India,2,2,0,76,40,38.00,56,135.71,0,0,0,8,3,South Africa
JP Duminy ,South Africa,3,3,2,76,34*,76.00,38,200.00,0,0,0,5,5,Sri Lanka
BA King ,West Indies,2,2,0,76,43,38.00,46,165.21,0,0,0,11,3,Sri Lanka
Mohammad Nawaz ,Pakistan,8,7,3,76,28,19.00,63,120.63,0,0,2,7,4,South Africa
MDKJ Perera ,Sri Lanka,3,3,0,76,39,25.33,68,111.76,0,0,0,6,1,South Africa
LMP Simmons ,West Indies,3,3,1,76,67*,38.00,60,126.66,0,1,0,5,4,India
JM Bairstow ,England,6,6,0,75,44,12.50,53,141.50,0,0,1,7,3,Pakistan
KNA Bandara ,Sri Lanka,3,3,1,75,44*,37.50,60,125.00,0,0,0,4,3,West Indies
SM Curran ,England,5,3,0,75,50,25.00,61,122.95,0,1,0,5,3,West Indies
Haider Ali ,Pakistan,7,6,0,75,21,12.50,63,119.04,0,0,0,8,4,South Africa
PW Hasaranga ,Sri Lanka,10,8,2,75,21,12.50,53,141.50,0,0,3,8,2,India
SD Hope ,West Indies,3,3,1,75,45,37.50,46,163.04,0,0,0,6,3,India
Iftikhar Ahmed ,Pakistan,3,3,0,75,51,25.00,64,117.18,0,1,0,5,2,South Africa
LS Livingstone ,England,6,5,1,75,26,18.75,54,138.88,0,0,0,2,5,New Zealand
KA Pollard ,West Indies,6,5,3,75,41*,37.50,63,119.04,0,0,0,5,2,England
R Powell ,West Indies,6,5,1,75,27*,18.75,55,136.36,0,0,1,5,5,New Zealand
MJ Santner ,New Zealand,14,13,5,75,19*,9.37,90,83.33,0,0,0,4,0,India
KS Williamson ,New Zealand,3,3,0,75,47,25.00,62,120.96,0,0,0,7,2,West Indies
MS Chapman ,New Zealand,4,4,2,74,40*,37.00,49,151.02,0,0,0,7,3,England
KR Mayers ,West Indies,3,3,0,74,51,24.66,39,189.74,0,1,0,6,7,South Africa
SE Rutherford ,West Indies,3,3,1,74,67*,37.00,46,160.86,0,1,1,5,6,Australia
RG Sharma ,India,3,3,1,74,46*,37.00,43,172.09,0,0,0,7,6,Australia
SS Iyer ,India,4,4,1,73,53,24.33,50,146.00,0,1,1,6,3,Australia
WG Jacks ,England,5,5,0,73,24,14.60,50,146.00,0,0,0,6,5,West Indies
BR McDermott ,Australia,2,2,0,73,54,36.50,58,125.86,0,1,0,1,5,India
Najmul Hossain Shanto ,Bangladesh,2,2,1,73,53*,73.00,60,121.66,0,1,0,7,2,Sri Lanka
DM de Silva ,Sri Lanka,4,4,0,72,37,18.00,48,150.00,0,0,1,5,5,New Zealand
Mahedi Hasan ,Bangladesh,6,6,1,72,23,14.40,70,102.85,0,0,1,3,2,Australia
Mahmudullah ,Bangladesh,4,4,1,72,31*,24.00,64,112.50,0,0,0,5,3,West Indies
KR Mayers ,West Indies,3,2,0,72,55,36.00,47,153.19,0,1,0,4,6,Bangladesh
BKG Mendis ,Sri Lanka,4,4,0,72,39,18.00,69,104.34,0,0,0,4,3,England
P Nissanka ,Sri Lanka,1,1,0,72,72,72.00,58,124.13,0,1,0,6,3,South Africa
HH Pandya ,India,5,5,0,72,29,14.40,68,105.88,0,0,0,5,2,Sri Lanka
MM Ali ,England,4,3,0,71,36,23.66,42,169.04,0,0,1,7,4,India
DJ Bravo ,West Indies,4,4,2,71,47*,35.50,56,126.78,0,0,0,2,5,Australia
LD Chandimal ,Sri Lanka,4,4,1,71,25*,23.66,70,101.42,0,0,0,5,2,Australia
LD Chandimal ,Sri Lanka,2,2,1,71,66*,71.00,62,114.51,0,1,0,5,2,South Africa
Haider Ali ,Pakistan,6,6,1,71,31,14.20,46,154.34,0,0,0,5,4,New Zealand
RA Jadeja ,India,6,5,2,71,27,23.66,67,105.97,0,0,0,2,2,West Indies
JO Holder ,West Indies,12,8,2,70,36,11.66,53,132.07,0,0,3,3,6,England
RA Jadeja ,India,3,3,3,70,45*,-,37,189.18,0,0,0,10,1,Sri Lanka
MW Short ,Australia,4,4,0,70,22,17.50,51,137.25,0,0,0,10,1,India
MD Gunathilaka ,Sri Lanka,3,3,0,69,56,23.00,57,121.05,0,1,0,5,2,West Indies
DJ Hooda ,India,3,3,1,69,38,34.50,51,135.29,0,0,0,6,2,West Indies
Mohammad Rizwan ,Pakistan,2,2,0,69,55,34.50,63,109.52,0,1,0,4,1,Sri Lanka
AR Patel ,India,7,5,1,69,20*,17.25,48,143.75,0,0,0,2,5,West Indies
Soumya Sarkar ,Bangladesh,3,3,0,69,39,23.00,56,123.21,0,0,1,3,3,India
KIC Asalanka ,Sri Lanka,1,1,0,68,68,68.00,41,165.85,0,1,0,8,1,West Indies
LD Chandimal ,Sri Lanka,3,3,1,68,54*,34.00,63,107.93,0,1,0,3,1,West Indies
CH Gayle ,West Indies,5,5,1,68,32*,17.00,59,115.25,0,0,0,3,5,South Africa
Ishan Kishan ,India,3,3,0,68,56,22.66,51,133.33,0,1,0,5,4,England
WG Jacks ,England,4,4,0,68,22,17.00,46,147.82,0,0,0,9,2,New Zealand
Jaker Ali ,Bangladesh,2,1,0,68,68,68.00,34,200.00,0,1,0,4,6,Sri Lanka
P Nissanka ,Sri Lanka,2,2,0,68,67,34.00,46,147.82,0,1,0,2,5,England
R Ravindra ,New Zealand,1,1,0,68,68,68.00,35,194.28,0,1,0,2,6,Australia
RR Rossouw ,South Africa,3,3,0,68,42,22.66,32,212.50,0,0,0,7,5,West Indies
S Samarawickrama ,Sri Lanka,2,2,1,68,61*,68.00,59,115.25,0,1,0,8,1,Bangladesh
Shakib Al Hasan ,Bangladesh,2,2,0,68,68,34.00,43,158.13,0,1,1,7,3,Pakistan
FA Allen ,West Indies,4,3,2,67,34,67.00,34,197.05,0,0,0,3,7,South Africa
TH David ,Australia,4,4,2,67,31*,33.50,40,167.50,0,0,0,5,5,New Zealand
AD Russell ,West Indies,6,6,1,67,25,13.40,45,148.88,0,0,1,4,6,South Africa
Sarfaraz Ahmed ,Pakistan,3,3,0,67,26,22.33,62,108.06,0,0,0,5,1,Sri Lanka
MP Stoinis ,Australia,4,3,2,67,37*,67.00,46,145.65,0,0,0,5,4,South Africa
KD Karthik ,India,5,4,1,66,41*,22.00,50,132.00,0,0,0,6,2,West Indies
R Powell ,West Indies,3,2,1,66,61*,66.00,37,178.37,0,1,0,2,6,Bangladesh
MD Shanaka ,Sri Lanka,4,3,2,66,45,66.00,52,126.92,0,0,0,4,3,Bangladesh
TH David ,Australia,3,2,0,65,64,32.50,30,216.66,0,1,0,7,4,South Africa
ADS Fletcher ,West Indies,2,2,0,65,35,32.50,55,118.18,0,0,0,5,3,South Africa
AJ Hosein ,West Indies,11,3,2,65,44*,65.00,40,162.50,0,0,0,4,5,England
JM Bairstow ,England,4,4,1,64,51,21.33,59,108.47,0,1,2,6,2,Sri Lanka
M Bhanuka ,Sri Lanka,3,3,0,64,36,21.33,65,98.46,0,0,0,7,0,India
SSJ Brooks ,West Indies,3,3,0,64,49,21.33,50,128.00,0,0,0,3,5,Pakistan
BA King ,West Indies,3,2,0,64,57,32.00,48,133.33,0,1,0,7,2,Bangladesh
V Kohli ,India,1,1,1,64,64*,-,44,145.45,0,1,0,8,1,Bangladesh
Mushfiqur Rahim ,Bangladesh,3,3,1,64,60*,32.00,50,128.00,0,1,1,8,1,India
AC Agar ,Australia,4,4,1,63,23,21.00,58,108.62,0,0,0,3,2,England
DP Conway ,New Zealand,5,5,0,63,46,12.60,67,94.02,0,0,0,6,1,England
MJ Guptill ,New Zealand,4,4,0,63,21,15.75,57,110.52,0,0,0,7,3,Pakistan
Khushdil Shah ,Pakistan,5,4,1,63,29,21.00,56,112.50,0,0,0,2,3,England
E Lewis ,West Indies,4,4,0,63,28,15.75,40,157.50,0,0,0,8,4,Sri Lanka
P Nissanka ,Sri Lanka,2,2,1,63,55*,63.00,59,106.77,0,1,0,6,1,Pakistan
D Pretorius ,South Africa,8,5,1,63,29,15.75,47,134.04,0,0,1,4,6,India
PD Salt ,England,3,3,0,63,38,21.00,55,114.54,0,0,1,7,2,Bangladesh
MP Stoinis ,Australia,2,2,1,63,40*,63.00,40,157.50,0,0,0,7,2,Pakistan
MS Wade ,Australia,5,4,1,63,21,21.00,52,121.15,0,0,0,4,2,England
CJ Jordan ,England,7,4,1,62,28,20.66,48,129.16,0,0,0,3,4,West Indies
Mahmudullah ,Bangladesh,5,5,1,62,19*,15.50,66,93.93,0,0,0,5,0,Pakistan
AD Mathews ,Sri Lanka,5,5,0,62,23,12.40,62,100.00,0,0,0,5,0,West Indies
Mohammad Naim ,Bangladesh,1,1,0,62,62,62.00,52,119.23,0,1,0,6,0,Sri Lanka
RR Pant ,India,6,6,2,62,17*,15.50,66,93.93,0,0,0,5,2,New Zealand
JJ Roy ,England,3,3,0,62,36,20.66,45,137.77,0,0,0,7,1,Sri Lanka
PW Hasaranga ,Sri Lanka,5,5,3,61,36,30.50,36,169.44,0,0,0,9,1,Pakistan
MC Henriques ,Australia,3,3,1,61,30,30.50,40,152.50,0,0,0,2,2,India
CJ Jordan ,England,9,6,2,61,26*,15.25,40,152.50,0,0,0,4,3,India
C Karunaratne ,Sri Lanka,10,10,5,61,14*,12.20,50,122.00,0,0,3,7,1,Australia
Mushfiqur Rahim ,Bangladesh,2,2,1,61,57*,61.00,42,145.23,0,1,0,5,2,Sri Lanka
MDKJ Perera ,Sri Lanka,4,4,0,61,30,15.25,66,92.42,0,0,0,1,1,England
JJ Roy ,England,1,1,0,61,61,61.00,38,160.52,0,1,0,5,3,Bangladesh
R Shepherd ,West Indies,6,4,2,61,44*,30.50,39,156.41,0,0,1,1,7,England
HC Brook ,England,6,6,2,60,31*,15.00,40,150.00,0,0,0,2,4,West Indies
MD Gunathilaka ,Sri Lanka,6,5,0,60,38,12.00,60,100.00,0,0,1,7,2,India
JO Holder ,West Indies,4,4,2,60,29*,30.00,57,105.26,0,0,0,1,5,Sri Lanka
YBK Jaiswal ,India,2,2,0,60,60,30.00,44,136.36,0,1,1,6,3,South Africa
BA King ,West Indies,3,3,0,60,36,20.00,35,171.42,0,0,0,6,4,South Africa
Washington Sundar ,India,6,4,0,60,50,15.00,41,146.34,0,1,2,6,3,New Zealand
BM Duckett ,England,3,3,0,59,28,19.66,52,113.46,0,0,0,7,0,Bangladesh
PW Hasaranga ,Sri Lanka,7,6,3,59,21*,19.66,40,147.50,0,0,0,2,3,New Zealand
C Karunaratne ,Sri Lanka,4,4,2,59,24*,29.50,50,118.00,0,0,0,1,4,South Africa
JE Root ,England,2,2,1,59,55,59.00,51,115.68,0,1,0,7,0,West Indies
MJ Santner ,New Zealand,11,9,4,59,16*,11.80,47,125.53,0,0,1,5,1,England
JM Sharma ,India,2,2,0,59,35,29.50,35,168.57,0,0,0,4,4,Australia
TG Southee ,New Zealand,11,5,3,59,39,29.50,26,226.92,0,0,0,3,5,England
JM Bairstow ,England,3,3,0,58,37,19.33,45,128.88,0,0,0,8,2,West Indies
N Dickwella ,Sri Lanka,3,3,0,58,38,19.33,39,148.71,0,0,1,9,1,South Africa
ADS Fletcher ,West Indies,3,3,1,58,34,29.00,31,187.09,0,0,0,4,5,New Zealand
SO Hetmyer ,West Indies,4,4,0,58,33,14.50,55,105.45,0,0,0,1,4,South Africa
Litton Das ,Bangladesh,2,2,0,58,34,29.00,67,86.56,0,0,0,2,1,South Africa
MD Shanaka ,Sri Lanka,3,3,2,58,31*,58.00,46,126.08,0,0,0,5,2,West Indies
Shoaib Malik ,Pakistan,4,2,1,58,58*,58.00,48,120.83,0,1,1,5,0,Bangladesh
Shubman Gill ,India,3,3,0,58,46,19.33,44,131.81,0,0,0,4,3,Sri Lanka
Fakhar Zaman ,Pakistan,4,4,1,57,55*,19.00,41,139.02,0,1,2,3,4,Australia
Haider Ali ,Pakistan,5,5,1,57,45,14.25,57,100.00,0,0,2,5,2,Bangladesh
JO Holder ,West Indies,14,10,3,57,24*,8.14,49,116.32,0,0,3,3,3,India
Imad Wasim ,Pakistan,3,3,0,57,47,19.00,39,146.15,0,0,0,9,0,Sri Lanka
LS Livingstone ,England,4,3,1,57,42*,28.50,41,139.02,0,0,1,3,4,India
BR McDermott ,Australia,3,3,0,57,35,19.00,69,82.60,0,0,0,0,3,Bangladesh
RA Tripathi ,India,3,3,0,57,44,19.00,46,123.91,0,0,1,5,3,New Zealand
SA Yadav ,India,4,4,0,57,18,14.25,46,123.91,0,0,0,6,1,Pakistan
T Banton ,England,3,3,0,56,31,18.66,34,164.70,0,0,0,6,3,New Zealand
MS Chapman ,New Zealand,6,5,3,56,18*,28.00,43,130.23,0,0,0,3,2,Australia
V Kohli ,India,4,3,1,56,30*,28.00,38,147.36,0,0,1,3,3,Sri Lanka
KR Mayers ,West Indies,3,3,0,56,39,18.66,48,116.66,0,0,0,7,2,Australia
PHKD Mendis ,Sri Lanka,2,2,0,56,37,28.00,41,136.58,0,0,0,4,4,Bangladesh
Shaheen Shah Afridi ,Pakistan,15,7,2,56,22,11.20,45,124.44,0,0,1,3,4,New Zealand
R Shepherd ,West Indies,6,2,1,56,35*,56.00,35,160.00,0,0,0,4,3,Pakistan
HC Brook ,England,4,3,0,55,28,18.33,41,134.14,0,0,0,7,1,India
GJ Maxwell ,Australia,6,6,0,55,26,9.16,60,91.66,0,0,0,1,2,England
Mohammad Hafeez ,Pakistan,4,3,0,55,32,18.33,46,119.56,0,0,0,8,0,South Africa
PBB Rajapaksa ,Sri Lanka,2,2,0,55,53,27.50,35,157.14,0,1,0,3,3,Bangladesh
MD Shanaka ,Sri Lanka,4,4,0,55,18,13.75,60,91.66,0,0,0,5,1,South Africa
Shan Masood ,Pakistan,3,2,1,55,31,55.00,36,152.77,0,0,0,6,1,Bangladesh
NT Tilak Varma ,India,1,1,1,55,55*,-,26,211.53,0,1,0,2,6,Bangladesh
S Dube ,India,3,2,1,54,54,54.00,30,180.00,0,1,0,3,4,West Indies
LS Livingstone ,England,4,4,0,54,28,13.50,38,142.10,0,0,0,5,3,South Africa
Rony Talukdar ,Bangladesh,3,3,0,54,24,18.00,50,108.00,0,0,0,8,0,England
WA Young ,New Zealand,7,7,0,54,17,7.71,65,83.07,0,0,0,7,1,Pakistan
Asif Ali ,Pakistan,4,3,2,53,27*,53.00,34,155.88,0,0,0,4,3,New Zealand
TC Bruce ,New Zealand,1,1,0,53,53,53.00,46,115.21,0,1,0,3,0,Sri Lanka
WIA Fernando ,Sri Lanka,3,3,0,53,37,17.66,54,98.14,0,0,0,4,1,New Zealand
RA Jadeja ,India,2,2,1,53,46*,53.00,33,160.60,0,0,0,5,1,England
KA Maharaj ,South Africa,10,4,0,53,41,13.25,48,110.41,0,0,1,5,3,India
Mahmudullah ,Bangladesh,3,3,1,53,30,26.50,38,139.47,0,0,0,5,1,India
Nurul Hasan ,Bangladesh,6,6,1,53,28,10.60,53,100.00,0,0,1,3,2,Pakistan
RR Pant ,India,2,2,0,53,39,26.50,42,126.19,0,0,0,4,2,Pakistan
FH Allen ,New Zealand,5,5,0,52,35,10.40,43,120.93,0,0,1,6,2,India
WIA Fernando ,Sri Lanka,5,5,0,52,20,10.40,54,96.29,0,0,0,2,1,Australia
AD Hales ,England,1,1,0,52,52,52.00,40,130.00,0,1,0,7,1,New Zealand
Haris Sohail ,Pakistan,1,1,0,52,52,52.00,50,104.00,0,1,0,4,1,Sri Lanka
PW Hasaranga ,Sri Lanka,5,5,0,52,34,10.40,52,100.00,0,0,0,4,1,England
Litton Das ,Bangladesh,3,3,0,52,36,17.33,43,120.93,0,0,1,7,1,Sri Lanka
PHKD Mendis ,Sri Lanka,4,4,0,52,41,13.00,48,108.33,0,0,1,3,2,South Africa
Mohammad Nawaz ,Pakistan,3,3,0,52,42,17.33,29,179.31,0,0,0,8,2,India
EJG Morgan ,England,4,3,0,52,40,17.33,47,110.63,0,0,0,3,3,Sri Lanka
Nurul Hasan ,Bangladesh,7,5,1,52,25*,13.00,42,123.80,0,0,0,3,2,New Zealand
Shadab Khan ,Pakistan,1,1,0,52,52,52.00,22,236.36,0,1,0,3,4,South Africa
Shan Masood ,Pakistan,1,1,1,52,52*,-,42,123.80,0,1,0,5,0,India
BA Stokes ,England,1,1,1,52,52*,-,49,106.12,0,1,0,5,1,Pakistan
T Stubbs ,South Africa,3,3,0,52,27,17.33,37,140.54,0,0,1,4,3,Australia
GF Linde ,South Africa,4,4,1,51,22,17.00,32,159.37,0,0,0,1,4,Pakistan
MJ Santner ,New Zealand,8,5,1,51,25,12.75,32,159.37,0,0,0,5,3,Pakistan
MJ Santner ,New Zealand,4,4,3,51,16,51.00,30,170.00,0,0,0,2,3,Sri Lanka
CJ Bowes ,New Zealand,3,3,0,50,31,16.66,36,138.88,0,0,0,9,0,Sri Lanka
Haris Sohail ,Pakistan,1,1,0,50,50,50.00,36,138.88,0,1,0,5,1,England
Imad Wasim ,Pakistan,7,5,2,50,20,16.66,34,147.05,0,0,0,4,1,England
CJ Jordan ,England,6,3,1,50,36,25.00,25,200.00,0,0,0,4,4,New Zealand
Mohammad Nawaz ,Pakistan,8,7,1,50,19,8.33,53,94.33,0,0,1,3,1,England
DJM Short ,Australia,3,3,0,50,34,16.66,50,100.00,0,0,0,5,0,India
NT Tilak Varma ,India,3,3,2,50,31*,50.00,36,138.88,0,0,0,6,1,Australia
MS Chapman ,New Zealand,3,2,0,49,33,24.50,35,140.00,0,0,0,3,3,Sri Lanka
DT Christian ,Australia,3,3,1,49,39,24.50,28,175.00,0,0,0,2,5,Bangladesh
PJ Cummins ,Australia,4,2,0,49,28,24.50,40,122.50,0,0,0,7,1,New Zealand
JO Holder ,West Indies,5,3,0,49,20,16.33,40,122.50,0,0,0,1,3,South Africa
WD Parnell ,South Africa,7,4,2,49,24,24.50,64,76.56,0,0,0,3,1,India
NLTC Perera ,Sri Lanka,3,3,0,49,22,16.33,44,111.36,0,0,0,2,2,South Africa
R Shepherd ,West Indies,4,2,1,49,31*,49.00,34,144.11,0,0,0,1,4,New Zealand
AT Carey ,Australia,3,3,0,48,27,16.00,38,126.31,0,0,0,3,2,South Africa
D Ferreira ,South Africa,1,1,0,48,48,48.00,21,228.57,0,0,0,1,5,Australia
RA Jadeja ,India,2,2,0,48,35,24.00,42,114.28,0,0,0,3,2,Pakistan
Khushdil Shah ,Pakistan,4,3,1,48,34,24.00,45,106.66,0,0,0,4,2,Bangladesh
Mohammad Saifuddin ,Bangladesh,7,4,2,48,34*,24.00,56,85.71,0,0,0,4,1,New Zealand
EJG Morgan ,England,5,5,2,48,17,16.00,59,81.35,0,0,0,4,2,West Indies
PBB Rajapaksa ,Sri Lanka,2,2,0,48,26,24.00,40,120.00,0,0,0,5,2,England
SV Samson ,India,3,3,0,48,23,16.00,34,141.17,0,0,0,2,2,Australia
MJ Santner ,New Zealand,6,3,2,48,31*,48.00,32,150.00,0,0,0,2,3,West Indies
LRPL Taylor ,New Zealand,2,2,0,48,48,24.00,30,160.00,0,0,1,3,2,Sri Lanka
T Bavuma ,South Africa,4,4,0,47,35,11.75,27,174.07,0,0,2,8,1,Australia
Fakhar Zaman ,Pakistan,7,4,0,47,15,11.75,34,138.23,0,0,0,6,0,West Indies
AD Hales ,England,1,1,0,47,47,47.00,30,156.66,0,0,0,7,1,Sri Lanka
LS Livingstone ,England,5,3,1,47,29*,23.50,42,111.90,0,0,0,2,1,Sri Lanka
Mahedi Hasan ,Bangladesh,4,4,2,47,30*,23.50,43,109.30,0,0,0,2,3,Pakistan
R Ravindra ,New Zealand,5,5,0,47,20,9.40,47,100.00,0,0,2,5,1,Bangladesh
JE Root ,England,1,1,0,47,47,47.00,42,111.90,0,0,0,5,0,Pakistan
Sohaib Maqsood ,Pakistan,3,3,0,47,19,15.66,29,162.06,0,0,0,4,3,England
Afif Hossain ,Bangladesh,2,2,0,46,39,23.00,28,164.28,0,0,0,5,2,Sri Lanka
T Bavuma ,South Africa,1,1,0,46,46,46.00,46,100.00,0,0,0,1,1,Sri Lanka
SM Curran ,England,9,5,1,46,24,11.50,30,153.33,0,0,0,4,3,New Zealand
K Rabada ,South Africa,4,3,1,46,22,23.00,46,100.00,0,0,0,3,3,Australia
PBB Rajapaksa ,Sri Lanka,5,4,1,46,25*,15.33,43,106.97,0,0,0,2,2,India
FA Allen ,West Indies,3,2,0,45,30,22.50,37,121.62,0,0,0,4,3,New Zealand
AJ Hosein ,West Indies,11,5,2,45,16*,15.00,49,91.83,0,0,0,3,2,India
JP Inglis ,Australia,3,3,1,45,42,22.50,28,160.71,0,0,0,1,4,South Africa
KS Williamson ,New Zealand,2,2,0,45,40,22.50,51,88.23,0,0,0,3,0,England
F du Plessis ,South Africa,3,3,0,44,24,14.66,43,102.32,0,0,0,4,0,Australia
JP Inglis ,Australia,3,3,0,44,39,14.66,34,129.41,0,0,0,6,1,West Indies
RA Jadeja ,India,1,1,1,44,44*,-,23,191.30,0,0,0,5,1,Australia
DA Miller ,South Africa,4,4,1,44,16,14.66,51,86.27,0,0,0,0,0,Australia
P Nissanka ,Sri Lanka,2,2,0,44,24,22.00,40,110.00,0,0,0,3,2,Bangladesh
Nurul Hasan ,Bangladesh,5,5,1,44,22*,11.00,44,100.00,0,0,1,3,1,Australia
KA Pollard ,West Indies,1,1,0,44,44,44.00,31,141.93,0,0,0,4,1,Australia
TL Seifert ,New Zealand,3,3,0,44,43,14.66,29,151.72,0,0,1,6,1,Bangladesh
RG Sharma ,India,4,4,0,44,28,11.00,42,104.76,0,0,1,3,3,Pakistan
R Shepherd ,West Indies,8,5,2,44,29,14.66,38,115.78,0,0,1,1,4,India
MS Wade ,Australia,4,4,1,44,18,14.66,32,137.50,0,0,0,4,1,South Africa
AC Agar ,Australia,10,4,1,43,26,14.33,47,91.48,0,0,1,4,1,Sri Lanka
PJ Cummins ,Australia,5,4,3,43,18*,43.00,19,226.31,0,0,0,1,4,England
WIA Fernando ,Sri Lanka,6,6,0,43,16,7.16,47,91.48,0,0,1,2,2,South Africa
Hasan Ali ,Pakistan,5,4,3,43,20*,43.00,18,238.88,0,0,0,2,4,South Africa
Khushdil Shah ,Pakistan,3,3,0,43,16,14.33,50,86.00,0,0,0,5,0,New Zealand
BR McDermott ,Australia,4,2,1,43,22*,43.00,41,104.87,0,0,0,4,0,Pakistan
T Stubbs ,South Africa,7,4,1,43,23,14.33,37,116.21,0,0,1,5,1,India
TA Blundell ,New Zealand,4,4,1,42,30*,14.00,54,77.77,0,0,0,4,0,Bangladesh
DT Christian ,Australia,4,4,2,42,22*,21.00,37,113.51,0,0,0,3,1,West Indies
RA Jadeja ,India,4,3,0,42,19,14.00,33,127.27,0,0,0,3,2,South Africa
AK Perera ,Sri Lanka,3,3,0,42,16,14.00,46,91.30,0,0,0,4,1,South Africa
DR Sams ,Australia,2,2,0,42,41,21.00,18,233.33,0,0,0,2,4,New Zealand
Shakib Al Hasan ,Bangladesh,4,4,2,42,34*,21.00,40,105.00,0,0,1,6,0,England
BA Stokes ,England,1,1,1,42,42*,-,36,116.66,0,0,0,2,0,Sri Lanka
DC Thomas ,West Indies,4,4,2,42,31*,21.00,34,123.52,0,0,0,3,2,India
MS Wade ,Australia,6,5,0,42,22,8.40,60,70.00,0,0,0,0,2,Bangladesh
KIC Asalanka ,Sri Lanka,3,3,0,41,21,13.66,53,77.35,0,0,0,2,1,South Africa
LD Chandimal ,Sri Lanka,3,3,0,41,22,13.66,46,89.13,0,0,0,3,1,India
S Dube ,India,5,5,1,41,13,10.25,35,117.14,0,0,0,4,2,New Zealand
WIA Fernando ,Sri Lanka,2,2,0,41,33,20.50,44,93.18,0,0,0,4,0,Pakistan
SO Hetmyer ,West Indies,5,4,0,41,25,10.25,57,71.92,0,0,1,3,1,New Zealand
KA Jamieson ,New Zealand,4,3,1,41,30,20.50,27,151.85,0,0,0,7,0,Australia
E Lewis ,West Indies,2,2,1,41,35*,41.00,38,107.89,0,0,0,3,2,Pakistan
GF Linde ,South Africa,3,2,0,41,29,20.50,26,157.69,0,0,0,3,2,England
MDKJ Perera ,Sri Lanka,3,2,0,41,34,20.50,38,107.89,0,0,0,1,3,India
AL Phehlukwayo ,South Africa,6,4,0,41,22,10.25,36,113.88,0,0,1,3,2,England
MJ Santner ,New Zealand,3,2,1,41,23,41.00,42,97.61,0,0,0,3,0,Bangladesh
Towhid Hridoy ,Bangladesh,3,2,0,41,24,20.50,35,117.14,0,0,0,4,1,England
MS Wade ,Australia,1,1,1,41,41*,-,17,241.17,0,0,0,2,4,Pakistan
TH David ,Australia,3,2,0,40,40,20.00,26,153.84,0,0,1,5,1,England
AJ Finch ,Australia,1,1,0,40,40,40.00,20,200.00,0,0,0,2,4,Bangladesh
RD Gaikwad ,India,1,1,1,40,40*,-,26,153.84,0,0,0,4,3,Bangladesh
MC Henriques ,Australia,5,5,0,40,30,8.00,46,86.95,0,0,0,3,1,Bangladesh
Iftikhar Ahmed ,Pakistan,3,3,1,40,32,20.00,25,160.00,0,0,0,2,2,West Indies
WG Jacks ,England,2,2,0,40,40,20.00,25,160.00,0,0,1,8,0,Pakistan
H Klaasen ,South Africa,6,5,1,40,16*,10.00,34,117.64,0,0,0,3,1,West Indies
DR Sams ,Australia,4,3,3,40,28*,-,25,160.00,0,0,0,3,2,India
Towhid Hridoy ,Bangladesh,2,2,1,40,32*,40.00,30,133.33,0,0,0,2,2,Sri Lanka
RA Tripathi ,India,2,2,0,40,35,20.00,21,190.47,0,0,0,6,2,Sri Lanka
SW Billings ,England,3,3,1,39,26,19.50,34,114.70,0,0,0,4,1,Pakistan
RL Chase ,West Indies,1,1,0,39,39,39.00,46,84.78,0,0,0,2,0,Bangladesh
JP Inglis ,Australia,3,3,1,39,20,19.50,31,125.80,0,0,0,2,2,New Zealand
Mushfiqur Rahim ,Bangladesh,5,5,2,39,20*,13.00,75,52.00,0,0,2,1,0,New Zealand
AR Patel ,India,8,4,0,39,31,9.75,33,118.18,0,0,1,3,1,Australia
SPD Smith ,Australia,5,5,1,39,18,9.75,35,111.42,0,0,0,4,2,England
FA Allen ,West Indies,5,3,1,38,29,19.00,26,146.15,0,0,0,2,3,Australia
DM de Silva ,Sri Lanka,6,6,0,38,14,6.33,52,73.07,0,0,0,1,0,South Africa
Mehidy Hasan Miraz ,Bangladesh,1,1,0,38,38,38.00,26,146.15,0,0,0,2,2,Sri Lanka
D Padikkal ,India,2,2,0,38,29,19.00,38,100.00,0,0,0,2,1,Sri Lanka
Soumya Sarkar ,Bangladesh,2,2,0,38,26,19.00,33,115.15,0,0,0,7,0,Sri Lanka
Asif Ali ,Pakistan,5,5,1,37,13*,9.25,28,132.14,0,0,0,3,2,England
RL Chase ,West Indies,2,2,0,37,37,18.50,22,168.18,0,0,1,3,2,Australia
DM de Silva ,Sri Lanka,2,2,0,37,28,18.50,33,112.12,0,0,0,5,0,Pakistan
N Dickwella ,Sri Lanka,3,3,1,37,33,18.50,35,105.71,0,0,0,3,1,West Indies
D Pretorius ,South Africa,4,3,0,37,25,12.33,22,168.18,0,0,0,4,1,England
TL Seifert ,New Zealand,7,6,1,37,19,7.40,54,68.51,0,0,0,5,0,Australia
AC Agar ,Australia,5,4,0,36,27,9.00,44,81.81,0,0,1,2,1,Bangladesh
Ahsan Ali ,Pakistan,2,2,0,36,36,18.00,39,92.30,0,0,1,4,0,Bangladesh
FA Allen ,West Indies,5,4,2,36,21*,18.00,27,133.33,0,0,1,0,4,Sri Lanka
Asif Ali ,Pakistan,5,5,0,36,29,7.20,41,87.80,0,0,2,3,0,Sri Lanka
T Bavuma ,South Africa,1,1,0,36,36,36.00,19,189.47,0,0,0,4,1,Pakistan
CH Gayle ,West Indies,4,4,2,36,16,18.00,35,102.85,0,0,0,2,2,Pakistan
JO Holder ,West Indies,2,2,0,36,25,18.00,28,128.57,0,0,0,3,1,New Zealand
Iftikhar Ahmed ,Pakistan,6,4,0,36,16,9.00,26,138.46,0,0,0,4,1,Bangladesh
VR Iyer ,India,3,3,1,36,20,18.00,28,128.57,0,0,0,4,1,New Zealand
RA Jadeja ,India,4,2,2,36,26*,-,24,150.00,0,0,0,2,2,New Zealand
GSNFG Jayasuriya ,Sri Lanka,2,2,0,36,34,18.00,34,105.88,0,0,0,4,0,Pakistan
Mahedi Hasan ,Bangladesh,10,6,2,36,19*,9.00,42,85.71,0,0,2,1,2,New Zealand
Shan Masood ,Pakistan,4,4,1,36,19,12.00,39,92.30,0,0,1,4,0,New Zealand
OF Smith ,West Indies,3,2,1,36,27*,36.00,20,180.00,0,0,0,4,2,New Zealand
OF Smith ,West Indies,3,2,0,36,24,18.00,22,163.63,0,0,0,3,3,Pakistan
Soumya Sarkar ,Bangladesh,4,4,1,36,20,12.00,31,116.12,0,0,0,2,1,Pakistan
JM Vince ,England,1,1,0,36,36,36.00,27,133.33,0,0,0,3,1,Pakistan
AT Carey ,Australia,5,5,1,35,20*,8.75,40,87.50,0,0,1,3,1,Bangladesh
BC Fortuin ,South Africa,3,3,1,35,17*,17.50,27,129.62,0,0,0,5,0,Pakistan
RD Gaikwad ,India,2,2,0,35,21,17.50,28,125.00,0,0,0,3,0,Sri Lanka
H Klaasen ,South Africa,2,2,0,35,22,17.50,31,112.90,0,0,0,3,1,Australia
NLTC Perera ,Sri Lanka,5,4,1,35,21*,11.66,27,129.62,0,0,0,1,2,West Indies
AL Phehlukwayo ,South Africa,7,5,1,35,14,8.75,26,134.61,0,0,1,3,1,Pakistan
KA Pollard ,West Indies,4,2,1,35,22*,35.00,23,152.17,0,0,0,1,2,Pakistan
KL Rahul ,India,4,4,0,35,28,8.75,37,94.59,0,0,1,1,2,Pakistan
TL Seifert ,New Zealand,3,2,0,35,18,17.50,26,134.61,0,0,0,5,1,West Indies
Towhid Hridoy ,Bangladesh,3,2,0,35,19,17.50,36,97.22,0,0,0,2,1,New Zealand
SW Billings ,England,6,5,3,34,14*,17.00,34,100.00,0,0,0,3,0,New Zealand
DM Bravo ,West Indies,1,1,1,34,34*,-,27,125.92,0,0,0,3,0,Pakistan
LA Dawson ,England,3,1,0,34,34,34.00,17,200.00,0,0,0,5,1,Pakistan
P Nissanka ,Sri Lanka,4,4,0,34,25,8.50,40,85.00,0,0,2,6,0,New Zealand
Nurul Hasan ,Bangladesh,3,3,1,34,25,17.00,31,109.67,0,0,0,1,2,West Indies
PBB Rajapaksa ,Sri Lanka,1,1,0,34,34,34.00,22,154.54,0,0,0,3,2,New Zealand
Shakib Al Hasan ,Bangladesh,2,2,0,34,24,17.00,29,117.24,0,0,0,5,0,Sri Lanka
T Bavuma ,South Africa,2,2,1,33,31*,33.00,34,97.05,0,0,0,3,1,Bangladesh
SSJ Brooks ,West Indies,2,2,0,33,20,16.50,28,117.85,0,0,0,4,1,India
DJ Hooda ,India,1,1,0,33,33,33.00,17,194.11,0,0,0,3,2,England
EJG Morgan ,England,5,3,0,33,28,11.00,30,110.00,0,0,0,4,0,India
RR Pant ,India,3,2,0,33,27,16.50,35,94.28,0,0,0,3,0,Bangladesh
R Powell ,West Indies,3,3,1,33,23,16.50,32,103.12,0,0,0,1,2,Pakistan
K Rabada ,South Africa,8,4,4,33,16*,-,26,126.92,0,0,0,2,1,West Indies
Shadab Khan ,Pakistan,7,3,2,33,28*,33.00,16,206.25,0,0,0,1,3,West Indies
JT Smuts ,South Africa,2,2,0,33,20,16.50,32,103.12,0,0,0,2,1,England
Soumya Sarkar ,Bangladesh,6,6,0,33,16,5.50,58,56.89,0,0,1,2,2,Australia
BA Stokes ,England,3,3,1,33,17*,16.50,30,110.00,0,0,0,1,1,Australia
DJ Willey ,England,2,1,1,33,33*,-,22,150.00,0,0,0,3,2,India
MM Ali ,England,4,3,1,32,15,16.00,34,94.11,0,0,0,1,2,Bangladesh
SD Hope ,West Indies,2,2,0,32,31,16.00,32,100.00,0,0,0,4,0,Pakistan
AJ Hosein ,West Indies,6,3,1,32,25,16.00,25,128.00,0,0,1,4,1,Australia
Khushdil Shah ,Pakistan,2,2,0,32,24,16.00,32,100.00,0,0,0,3,0,Australia
AD Mathews ,Sri Lanka,2,1,1,32,32*,-,21,152.38,0,0,0,4,0,Bangladesh
CE McConchie ,New Zealand,5,4,2,32,17*,16.00,28,114.28,0,0,2,3,0,Bangladesh
Mirza Baig ,Pakistan,1,1,1,32,32*,-,18,177.77,0,0,0,4,2,Bangladesh
Mohammad Nawaz ,3) ,2,2,0,32,26,16.00,27,118.51,0,0,0,1,2,Sri Lanka
KH Pandya ,India,3,2,1,32,20*,32.00,27,118.51,0,0,0,1,2,West Indies
AR Patel ,India,8,4,2,32,10,16.00,25,128.00,0,0,0,4,0,South Africa
TG Southee ,New Zealand,4,3,3,32,28*,-,24,133.33,0,0,0,1,3,Sri Lanka
Asif Ali ,Pakistan,3,3,1,31,21*,15.50,18,172.22,0,0,0,2,3,West Indies
DL Chahar ,India,5,2,1,31,31,31.00,17,182.35,0,0,0,2,3,South Africa
SM Curran ,England,4,3,2,31,16*,31.00,24,129.16,0,0,0,2,1,Sri Lanka
ADS Fletcher ,West Indies,4,4,0,31,12,7.75,40,77.50,0,0,0,2,2,Australia
ADS Fletcher ,West Indies,3,3,2,31,17*,31.00,20,155.00,0,0,1,1,4,Pakistan
AD Mathews ,Sri Lanka,1,1,0,31,31,31.00,20,155.00,0,0,0,1,3,India
Mohammad Haris ,Pakistan,1,1,0,31,31,31.00,18,172.22,0,0,0,1,2,Bangladesh
Mohammad Nawaz ,3) ,3,2,1,31,30*,31.00,13,238.46,0,0,0,3,2,West Indies
MK Pandey ,India,1,1,1,31,31*,-,18,172.22,0,0,0,4,0,Sri Lanka
OF Smith ,West Indies,2,2,0,31,27,15.50,23,134.78,0,0,0,3,1,Australia
IS Sodhi ,New Zealand,11,4,2,31,16,15.50,25,124.00,0,0,0,1,2,England
DM Bravo ,West Indies,6,4,1,30,23,10.00,37,81.08,0,0,1,2,1,England
CH Gayle ,West Indies,4,4,0,30,16,7.50,42,71.42,0,0,1,3,1,Sri Lanka
MD Gunathilaka ,Sri Lanka,1,1,0,30,30,30.00,25,120.00,0,0,0,4,0,New Zealand
AM Hardie ,Australia,4,3,0,30,16,10.00,31,96.77,0,0,0,5,0,India
SO Hetmyer ,West Indies,5,5,0,30,10,6.00,36,83.33,0,0,0,4,0,England
SL Malinga ,Sri Lanka,3,3,2,30,13*,30.00,28,107.14,0,0,0,3,1,Australia
KR Mayers ,West Indies,4,4,1,30,20,10.00,31,96.77,0,0,0,2,2,New Zealand
Mohammad Haris ,Pakistan,2,2,0,30,30,15.00,27,111.11,0,0,1,2,1,New Zealand
HV Patel ,India,8,3,2,30,17,30.00,22,136.36,0,0,0,4,1,South Africa
AJ Turner ,Australia,2,2,0,30,24,15.00,32,93.75,0,0,0,2,0,West Indies
I Udana ,Sri Lanka,3,3,1,30,15*,15.00,15,200.00,0,0,0,1,2,New Zealand
KS Williamson ,New Zealand,1,1,0,30,30,30.00,29,103.44,0,0,0,1,0,Bangladesh
SA Yadav ,India,1,1,0,30,30,30.00,16,187.50,0,0,0,4,0,Bangladesh
AC Agar ,Australia,5,4,0,29,23,7.25,24,120.83,0,0,2,2,1,New Zealand
Anamul Haque ,Bangladesh,3,3,0,29,16,9.66,25,116.00,0,0,0,4,0,West Indies
KIC Asalanka ,Sri Lanka,2,2,0,29,21,14.50,25,116.00,0,0,0,3,1,England
MS Chapman ,New Zealand,8,5,1,29,19,7.25,35,82.85,0,0,0,3,1,Bangladesh
SM Curran ,England,8,5,2,29,14*,9.66,21,138.09,0,0,0,1,2,India
JL Denly ,England,1,1,1,29,29*,-,19,152.63,0,0,0,4,0,Australia
CJ Jordan ,England,10,7,3,29,14,7.25,21,138.09,0,0,1,3,1,South Africa
KD Karthik ,India,3,3,0,29,12,9.66,31,93.54,0,0,0,4,0,England
B Kumar ,India,6,3,1,29,16,14.50,45,64.44,0,0,1,0,0,Sri Lanka
Mushfiqur Rahim ,Bangladesh,1,1,0,29,29,29.00,30,96.66,0,0,0,3,0,England
Shamim Hossain ,Bangladesh,5,4,0,29,19,7.25,35,82.85,0,0,0,1,1,Australia
NT Tilak Varma ,India,2,2,0,29,29,14.50,21,138.09,0,0,1,4,1,South Africa
AD Hales ,England,2,2,0,28,20,14.00,20,140.00,0,0,0,3,2,West Indies
MR Marsh ,Australia,1,1,0,28,28,28.00,22,127.27,0,0,0,3,1,Pakistan
MR Marsh ,Australia,4,2,0,28,17,14.00,24,116.66,0,0,0,3,1,Sri Lanka
Mohammad Haris ,Pakistan,1,1,0,28,28,28.00,11,254.54,0,0,0,2,3,South Africa
R Ravindra ,New Zealand,3,2,1,28,26,28.00,14,200.00,0,0,0,2,2,Sri Lanka
Arshdeep Singh ,India,10,4,2,27,12,13.50,15,180.00,0,0,0,3,1,West Indies
Asif Ali ,Pakistan,4,3,0,27,16,9.00,18,150.00,0,0,0,2,1,India
J Charles ,West Indies,1,1,0,27,27,27.00,22,122.72,0,0,0,1,2,England
SM Curran ,England,7,2,1,27,17,27.00,19,142.10,0,0,0,2,0,Pakistan
S Dhawan ,India,3,3,0,27,23,9.00,28,96.42,0,0,0,3,0,West Indies
Khushdil Shah ,Pakistan,2,2,0,27,15,13.50,30,90.00,0,0,0,2,1,South Africa
Mahedi Hasan ,Bangladesh,1,1,0,27,27,27.00,25,108.00,0,0,0,2,1,South Africa
Mohammad Mithun ,Bangladesh,1,1,0,27,27,27.00,29,93.10,0,0,0,2,1,India
MK Pandey ,India,3,3,1,27,19,13.50,27,100.00,0,0,0,2,0,West Indies
RA Reifer ,West Indies,2,1,0,27,27,27.00,18,150.00,0,0,0,1,2,South Africa
MW Short ,Australia,2,1,0,27,27,27.00,11,245.45,0,0,0,1,3,New Zealand
IS Sodhi ,New Zealand,13,7,2,27,16*,5.40,29,93.10,0,0,2,2,2,India
MA Starc ,Australia,3,2,1,27,14,27.00,24,112.50,0,0,0,2,0,Bangladesh
DJ Willey ,England,9,4,2,27,16,13.50,22,122.72,0,0,0,4,1,Pakistan
SW Billings ,England,2,2,0,26,24,13.00,32,81.25,0,0,0,2,0,Sri Lanka
TK Curran ,England,4,2,1,26,14*,26.00,19,136.84,0,0,0,0,2,New Zealand
DM de Silva ,Sri Lanka,1,1,0,26,26,26.00,23,113.04,0,0,0,3,0,Australia
MD Gunathilaka ,Sri Lanka,3,3,0,26,19,8.66,22,118.18,0,0,0,4,0,England
TM Head ,Australia,1,1,0,26,26,26.00,14,185.71,0,0,0,3,1,Pakistan
KMA Paul ,West Indies,2,2,1,26,26*,26.00,20,130.00,0,0,1,0,3,New Zealand
AU Rashid ,England,13,6,1,26,22,5.20,26,100.00,0,0,2,3,0,West Indies
Shivam Mavi ,India,3,1,0,26,26,26.00,15,173.33,0,0,0,2,2,Sri Lanka
Shoaib Malik ,Pakistan,1,1,1,26,26*,-,20,130.00,0,0,0,2,1,New Zealand
PVD Chameera ,Sri Lanka,6,2,1,25,24*,25.00,17,147.05,0,0,0,2,1,India
G Coetzee ,South Africa,3,3,0,25,13,8.33,24,104.16,0,0,0,1,1,Australia
Fakhar Zaman ,Pakistan,3,2,0,25,15,12.50,24,104.16,0,0,0,4,0,India
CJ Jordan ,England,5,3,2,25,14*,25.00,17,147.05,0,0,0,1,1,Australia
Mosaddek Hossain ,Bangladesh,2,2,1,25,15,25.00,17,147.05,0,0,0,2,1,West Indies
C Munro ,New Zealand,3,3,0,25,13,8.33,20,125.00,0,0,1,4,1,Sri Lanka
Nurul Hasan ,Bangladesh,1,1,1,25,25*,-,14,178.57,0,0,0,2,1,India
PBB Rajapaksa ,Sri Lanka,4,4,0,25,20,6.25,23,108.69,0,0,2,4,1,South Africa
MA Starc ,Australia,7,4,3,25,8*,25.00,27,92.59,0,0,0,1,0,West Indies
MP Stoinis ,Australia,3,2,0,25,16,12.50,21,119.04,0,0,0,2,1,West Indies
I Udana ,Sri Lanka,3,3,2,25,19*,25.00,25,100.00,0,0,1,1,1,England
L Gregory ,England,4,4,1,24,12,8.00,22,109.09,0,0,0,2,0,Pakistan
JP Inglis ,Australia,1,1,0,24,24,24.00,15,160.00,0,0,0,2,1,Pakistan
Jaker Ali ,Bangladesh,1,1,1,24,24*,-,29,82.75,0,0,0,0,1,India
Mosaddek Hossain ,Bangladesh,3,3,1,24,13,12.00,22,109.09,0,0,0,0,1,New Zealand
Mosaddek Hossain ,Bangladesh,1,1,1,24,24*,-,9,266.66,0,0,0,4,0,Sri Lanka
JDS Neesham ,New Zealand,4,3,0,24,19,8.00,18,133.33,0,0,1,2,1,Sri Lanka
AR Patel ,India,3,2,1,24,17,24.00,15,160.00,0,0,0,4,0,England
N Pooran ,West Indies,5,4,0,24,15,6.00,18,133.33,0,0,0,2,2,New Zealand
R Powell ,West Indies,3,2,0,24,17,12.00,25,96.00,0,0,0,2,1,Sri Lanka
D Pretorius ,South Africa,3,2,1,24,15*,24.00,16,150.00,0,0,0,1,2,Pakistan
R Ravindra ,New Zealand,6,5,1,24,8*,6.00,31,77.41,0,0,0,1,0,Pakistan
PJ van Biljon ,South Africa,3,3,1,24,16,12.00,22,109.09,0,0,0,3,0,Australia
Aamer Jamal ,Pakistan,2,2,1,23,14*,23.00,15,153.33,0,0,0,1,2,New Zealand
Abbas Afridi ,Pakistan,3,3,1,23,15*,11.50,13,176.92,0,0,0,0,3,New Zealand
R Ashwin ,India,3,2,1,23,13*,23.00,16,143.75,0,0,0,2,1,West Indies
MG Bracewell ,New Zealand,3,3,0,23,14,7.66,32,71.87,0,0,0,0,1,India
AM Hardie ,Australia,2,1,0,23,23,23.00,14,164.28,0,0,0,3,1,South Africa
Hussain Talat ,Pakistan,3,3,0,23,15,7.66,24,95.83,0,0,0,2,0,South Africa
Kuldeep Yadav ,India,5,1,1,23,23*,-,28,82.14,0,0,0,0,0,Sri Lanka
OC McCoy ,West Indies,2,1,1,23,23*,-,15,153.33,0,0,0,3,1,New Zealand
OC McCoy ,West Indies,3,1,0,23,23,23.00,7,328.57,0,0,0,2,2,Sri Lanka
Parvez Hossain Emon ,Bangladesh,1,1,0,23,23,23.00,32,71.87,0,0,0,0,2,India
JA Richardson ,Australia,5,4,2,23,11,11.50,25,92.00,0,0,0,1,1,New Zealand
OF Smith ,West Indies,6,5,2,23,15*,7.66,25,92.00,0,0,2,0,1,India
AJ Turner ,Australia,3,2,2,23,22*,-,16,143.75,0,0,0,0,2,Sri Lanka
Afif Hossain ,Bangladesh,3,3,1,22,15*,11.00,22,100.00,0,0,0,3,0,England
AC Agar ,Australia,3,3,2,22,20*,22.00,15,146.66,0,0,0,2,1,South Africa
Azam Khan ,Pakistan,3,3,0,22,10,7.33,19,115.78,0,0,0,1,1,New Zealand
TA Boult ,New Zealand,9,3,2,22,16,22.00,17,129.41,0,0,0,2,1,Australia
AT Carey ,Australia,3,3,0,22,13,7.33,24,91.66,0,0,1,3,0,West Indies
SM Curran ,England,3,3,0,22,12,7.33,33,66.66,0,0,0,1,0,Bangladesh
SO Hetmyer ,West Indies,4,2,0,22,17,11.00,23,95.65,0,0,0,2,0,Pakistan
MK Pandey ,India,1,1,1,22,22*,-,13,169.23,0,0,0,3,0,Bangladesh
KMA Paul ,West Indies,5,3,1,22,19*,11.00,34,64.70,0,0,1,2,0,India
JJ Roy ,England,1,1,0,22,22,22.00,20,110.00,0,0,0,1,1,Australia
Shamim Hossain ,Bangladesh,1,1,0,22,22,22.00,23,95.65,0,0,0,4,0,Pakistan
TG Southee ,New Zealand,12,6,6,22,6*,-,21,104.76,0,0,0,0,1,Pakistan
SN Thakur ,India,3,1,1,22,22*,-,8,275.00,0,0,0,1,2,Sri Lanka
HE van der Dussen ,South Africa,1,1,0,22,22,22.00,27,81.48,0,0,0,2,0,Bangladesh
Aminul Islam ,Bangladesh,5,4,2,21,8*,10.50,27,77.77,0,0,0,2,0,Pakistan
DL Chahar ,India,3,1,1,21,21*,-,8,262.50,0,0,0,2,1,New Zealand
F du Plessis ,South Africa,1,1,0,21,21,21.00,23,91.30,0,0,0,2,1,Sri Lanka
L Gregory ,England,5,3,0,21,15,7.00,19,110.52,0,0,1,0,2,New Zealand
DJ Hooda ,India,5,4,2,21,10,10.50,22,95.45,0,0,1,0,1,New Zealand
CJ Jordan ,England,7,4,2,21,14,10.50,15,140.00,0,0,0,1,1,Pakistan
AS Joseph ,West Indies,8,3,3,21,10*,-,29,72.41,0,0,0,0,1,India
Najmul Hossain Shanto ,Bangladesh,1,1,0,21,21,21.00,25,84.00,0,0,0,1,1,India
HV Patel ,India,3,3,0,21,13,7.00,18,116.66,0,0,0,2,1,England
Shadab Khan ,Pakistan,7,2,2,21,21*,-,10,210.00,0,0,0,1,2,Bangladesh
AJ Turner ,Australia,5,4,1,21,9*,7.00,40,52.50,0,0,0,1,0,Bangladesh
FA Allen ,West Indies,6,4,0,20,12,5.00,19,105.26,0,0,1,0,2,England
MP Breetzke ,South Africa,2,2,0,20,16,10.00,10,200.00,0,0,0,2,1,India
SM Curran ,England,6,5,2,20,9,6.66,20,100.00,0,0,0,0,2,South Africa
JL Denly ,England,1,1,1,20,20*,-,12,166.66,0,0,0,2,1,Pakistan
LH Ferguson ,New Zealand,7,5,2,20,14,6.66,18,111.11,0,0,2,0,2,India
B Fernando ,Sri Lanka,2,1,0,20,20,20.00,14,142.85,0,0,0,1,1,England
M Jansen ,South Africa,1,1,0,20,20,20.00,14,142.85,0,0,0,3,0,Australia
GSNFG Jayasuriya ,Sri Lanka,2,1,0,20,20,20.00,13,153.84,0,0,0,2,1,New Zealand
AS Joseph ,West Indies,5,3,2,20,11*,20.00,19,105.26,0,0,0,2,1,Australia
J Liyanage ,Sri Lanka,2,2,0,20,11,10.00,36,55.55,0,0,0,0,0,India
LD Madushanka ,Sri Lanka,1,1,0,20,20,20.00,23,86.95,0,0,0,1,0,New Zealand
Mehidy Hasan Miraz ,Bangladesh,2,1,0,20,20,20.00,16,125.00,0,0,0,0,2,England
KL Rahul ,India,5,5,0,20,14,4.00,36,55.55,0,0,2,3,0,England
Rony Talukdar ,Bangladesh,3,2,0,20,10,10.00,17,117.64,0,0,0,2,1,New Zealand
Sahibzada Farhan ,Pakistan,2,2,0,20,19,10.00,16,125.00,0,0,0,1,1,New Zealand
Sharjeel Khan ,Pakistan,4,1,0,20,20,20.00,16,125.00,0,0,0,2,1,West Indies
SN Thakur ,India,6,2,0,20,20,10.00,18,111.11,0,0,1,2,0,New Zealand
UT Yadav ,India,1,1,1,20,20*,-,17,117.64,0,0,0,2,0,South Africa
JC Archer ,England,5,2,1,19,18*,19.00,10,190.00,0,0,0,2,1,India
CR Brathwaite ,West Indies,3,2,0,19,10,9.50,31,61.29,0,0,0,0,1,India
DJ Bravo ,West Indies,6,4,2,19,10,9.50,14,135.71,0,0,0,3,0,South Africa
Fakhar Zaman ,Pakistan,4,4,0,19,13,4.75,24,79.16,0,0,2,2,0,Sri Lanka
BOP Fernando ,Sri Lanka,2,2,0,19,13,9.50,25,76.00,0,0,0,2,0,Australia
BOP Fernando ,Sri Lanka,1,1,0,19,19,19.00,27,70.37,0,0,0,0,1,England
WIA Fernando ,Sri Lanka,3,3,0,19,13,6.33,28,67.85,0,0,1,1,0,England
Haris Rauf ,Pakistan,4,2,2,19,13*,-,11,172.72,0,0,0,2,1,India
Mahmudullah ,Bangladesh,1,1,0,19,19,19.00,24,79.16,0,0,0,1,0,England
Nasum Ahmed ,Bangladesh,3,1,1,19,19*,-,9,211.11,0,0,0,1,2,England
JR Philippe ,Australia,2,2,0,19,10,9.50,19,100.00,0,0,0,1,1,Bangladesh
RA Reifer ,West Indies,1,1,0,19,19,19.00,23,82.60,0,0,0,0,0,Australia
Wahab Riaz ,Pakistan,2,2,1,19,12*,19.00,11,172.72,0,0,0,1,1,Sri Lanka
WA Young ,New Zealand,2,2,0,19,14,9.50,14,135.71,0,0,0,2,1,Australia
Asif Ali ,Pakistan,4,4,0,18,11,4.50,21,85.71,0,0,1,0,1,Australia
TK Curran ,England,6,3,1,18,9,9.00,14,128.57,0,0,0,1,1,Pakistan
A Dananjaya ,Sri Lanka,4,3,1,18,9,9.00,17,105.88,0,0,0,3,0,South Africa
C de Grandhomme ,New Zealand,5,5,0,18,9,3.60,25,72.00,0,0,2,0,1,Bangladesh
CH Gayle ,West Indies,2,2,0,18,13,9.00,17,105.88,0,0,0,4,0,England
Haris Sohail ,Pakistan,3,3,0,18,8,6.00,31,58.06,0,0,0,1,0,Australia
SSB Magala ,South Africa,2,1,1,18,18*,-,5,360.00,0,0,0,1,2,West Indies
GJ Maxwell ,Australia,1,1,0,18,18,18.00,21,85.71,0,0,0,1,0,South Africa
AF Milne ,New Zealand,5,4,1,18,7,6.00,16,112.50,0,0,1,0,2,India
L Ngidi ,South Africa,6,5,3,18,13*,9.00,18,100.00,0,0,1,2,0,Australia
RR Pant ,India,3,2,1,18,17,18.00,14,128.57,0,0,0,3,0,Sri Lanka
HV Patel ,India,3,1,0,18,18,18.00,11,163.63,0,0,0,2,1,New Zealand
AL Phehlukwayo ,South Africa,4,3,2,18,10*,18.00,12,150.00,0,0,1,0,2,India
DR Sams ,Australia,3,1,0,18,18,18.00,15,120.00,0,0,0,2,0,Sri Lanka
T Stubbs ,South Africa,1,1,0,18,18,18.00,18,100.00,0,0,0,0,1,Pakistan
Usman Qadir ,Pakistan,1,1,1,18,18*,-,6,300.00,0,0,0,2,1,Australia
DA Warner ,Australia,1,1,0,18,18,18.00,14,128.57,0,0,0,3,0,Bangladesh
Ahmed Shehzad ,Pakistan,2,2,0,17,13,8.50,25,68.00,0,0,0,0,1,Sri Lanka
J Charles ,West Indies,3,3,0,17,12,5.66,23,73.91,0,0,0,1,1,India
Faheem Ashraf ,Pakistan,1,1,0,17,17,17.00,10,170.00,0,0,0,1,1,England
JR Hazlewood ,Australia,9,3,1,17,13*,8.50,8,212.50,0,0,1,2,1,West Indies
Imad Wasim ,Pakistan,4,3,0,17,11,5.66,18,94.44,0,0,1,1,0,Australia
KD Karthik ,India,3,3,2,17,10*,17.00,8,212.50,0,0,0,1,1,Australia
Mahedi Hasan ,Bangladesh,4,2,0,17,16,8.50,13,130.76,0,0,0,2,0,Sri Lanka
Mohammad Naim ,Bangladesh,1,1,0,17,17,17.00,19,89.47,0,0,0,2,0,West Indies
R Ravindra ,New Zealand,1,1,1,17,17*,-,9,188.88,0,0,0,2,0,England
MJ Santner ,New Zealand,9,4,1,17,7*,5.66,24,70.83,0,0,1,2,0,Australia
SPD Smith ,Australia,2,1,0,17,17,17.00,16,106.25,0,0,0,2,0,West Indies
Soumya Sarkar ,Bangladesh,1,1,0,17,17,17.00,13,130.76,0,0,0,2,0,West Indies
TG Southee ,New Zealand,8,3,0,17,6,5.66,13,130.76,0,0,0,1,1,Australia
Taskin Ahmed ,Bangladesh,4,4,1,17,9,5.66,10,170.00,0,0,0,3,0,New Zealand
SN Thakur ,India,2,1,1,17,17*,-,7,242.85,0,0,0,0,2,Australia
Afif Hossain ,Bangladesh,5,4,0,16,7,4.00,29,55.17,0,0,1,0,0,India
PVD Chameera ,Sri Lanka,9,6,2,16,5*,4.00,18,88.88,0,0,1,2,0,Australia
RL Chase ,West Indies,5,2,0,16,12,8.00,17,94.11,0,0,0,2,0,India
WIA Fernando ,Sri Lanka,3,2,0,16,9,8.00,15,106.66,0,0,0,2,0,West Indies
AM Hardie ,Australia,1,1,0,16,16,16.00,16,100.00,0,0,0,2,0,West Indies
DJ Hooda ,India,1,1,0,16,16,16.00,14,114.28,0,0,0,2,0,Pakistan
SD Hope ,West Indies,2,2,0,16,16,8.00,10,160.00,0,0,1,3,0,Australia
GSNFG Jayasuriya ,Sri Lanka,2,2,0,16,16,8.00,19,84.21,0,0,1,3,0,West Indies
C Karunaratne ,Sri Lanka,2,1,0,16,16,16.00,10,160.00,0,0,0,1,0,Bangladesh
Khushdil Shah ,Pakistan,2,2,1,16,14*,16.00,18,88.88,0,0,0,1,0,India
WJ Lubbe ,South Africa,2,2,0,16,12,8.00,10,160.00,0,0,0,4,0,Pakistan
SSB Magala ,South Africa,4,2,1,16,9*,16.00,13,123.07,0,0,0,0,2,Pakistan
AF Milne ,New Zealand,7,1,1,16,16*,-,12,133.33,0,0,0,0,2,Bangladesh
Nurul Hasan ,Bangladesh,1,1,0,16,16,16.00,18,88.88,0,0,0,0,0,England
K Rabada ,South Africa,10,3,2,16,9,16.00,19,84.21,0,0,0,1,0,India
PADLR Sandakan ,Sri Lanka,3,2,0,16,10,8.00,21,76.19,0,0,0,2,0,Australia
Shaheen Shah Afridi ,Pakistan,2,1,0,16,16,16.00,8,200.00,0,0,0,1,1,India
Shahnawaz Dahani ,Pakistan,1,1,0,16,16,16.00,6,266.66,0,0,0,0,2,India
R Shepherd ,West Indies,3,3,1,16,12,8.00,17,94.11,0,0,0,1,1,Australia
OF Smith ,West Indies,2,2,1,16,11*,16.00,10,160.00,0,0,0,1,1,South Africa
R Ashwin ,India,1,1,1,15,15*,-,7,214.28,0,0,0,0,1,Sri Lanka
C Green ,Australia,2,2,0,15,14,7.50,14,107.14,0,0,0,1,1,West Indies
Hasan Ali ,Pakistan,2,2,2,15,15*,-,9,166.66,0,0,0,1,1,England
JO Holder ,West Indies,1,1,1,15,15*,-,5,300.00,0,0,0,0,2,Bangladesh
Mohammad Haris ,Pakistan,2,2,0,15,8,7.50,20,75.00,0,0,0,1,1,England
Mohammad Wasim ,Pakistan,5,3,1,15,6*,7.50,20,75.00,0,0,0,2,0,England
KH Pandya ,India,2,1,1,15,15*,-,8,187.50,0,0,0,1,1,Bangladesh
N Rana ,India,2,2,0,15,9,7.50,27,55.55,0,0,0,0,0,Sri Lanka
Shadab Khan ,Pakistan,4,2,0,15,10,7.50,15,100.00,0,0,0,2,0,India
Shoriful Islam ,Bangladesh,9,3,0,15,6,5.00,15,100.00,0,0,0,1,1,New Zealand
SPD Smith ,Australia,3,2,0,15,11,7.50,10,150.00,0,0,0,2,1,New Zealand
Soumya Sarkar ,Bangladesh,2,2,0,15,15,7.50,7,214.28,0,0,1,0,2,South Africa
MA Starc ,Australia,6,2,1,15,13,15.00,7,214.28,0,0,0,1,1,England
AJ Tye ,Australia,1,1,0,15,15,15.00,8,187.50,0,0,0,1,1,West Indies
Aminul Islam ,Bangladesh,3,2,1,14,9,14.00,14,100.00,0,0,0,2,0,India
N Dickwella ,Sri Lanka,2,2,0,14,11,7.00,22,63.63,0,0,0,1,0,England
BM Duckett ,England,1,1,0,14,14,14.00,12,116.66,0,0,0,1,0,West Indies
Haris Rauf ,Pakistan,12,5,2,14,8,4.66,10,140.00,0,0,1,1,1,England
Haris Rauf ,Pakistan,2,2,0,14,13,7.00,11,127.27,0,0,0,1,1,Sri Lanka
Imam-ul-Haq ,Pakistan,1,1,0,14,14,14.00,15,93.33,0,0,0,2,0,Australia
AS Joseph ,West Indies,2,1,1,14,14*,-,9,155.55,0,0,0,1,1,South Africa
C Karunaratne ,Sri Lanka,2,1,1,14,14*,-,14,100.00,0,0,0,0,1,Pakistan
SC Kuggeleijn ,New Zealand,3,1,0,14,14,14.00,6,233.33,0,0,0,1,1,Pakistan
K Mishara ,Sri Lanka,2,2,0,14,13,7.00,16,87.50,0,0,0,2,0,India
JR Philippe ,Australia,3,3,0,14,13,4.66,20,70.00,0,0,1,1,0,West Indies
KA Pollard ,West Indies,1,1,1,14,14*,-,18,77.77,0,0,0,0,1,Bangladesh
CAK Rajitha ,Sri Lanka,3,2,1,14,9*,14.00,8,175.00,0,0,0,2,0,India
Rakibul Hasan ,Bangladesh,1,1,0,14,14,14.00,6,233.33,0,0,0,2,1,India
Sabbir Rahman ,Bangladesh,1,1,0,14,14,14.00,18,77.77,0,0,0,1,0,Pakistan
S Samarawickrama ,Sri Lanka,2,2,0,14,8,7.00,25,56.00,0,0,0,1,0,India
Shadab Khan ,Pakistan,4,3,0,14,8,4.66,14,100.00,0,0,1,2,0,Sri Lanka
Shoaib Malik ,Pakistan,3,1,0,14,14,14.00,11,127.27,0,0,0,1,0,England
MJ Swepson ,Australia,1,1,1,14,14*,-,12,116.66,0,0,0,0,1,West Indies
Washington Sundar ,India,3,2,0,14,7,7.00,11,127.27,0,0,0,2,0,Australia
Washington Sundar ,India,4,1,1,14,14*,-,5,280.00,0,0,0,0,2,Bangladesh
CR Woakes ,England,4,3,1,14,13*,7.00,14,100.00,0,0,1,2,0,Bangladesh
A Zampa ,Australia,10,3,1,14,13*,7.00,13,107.69,0,0,1,2,0,New Zealand
SA Abbott ,Australia,6,2,1,13,12*,13.00,10,130.00,0,0,0,0,1,India
FA Allen ,West Indies,3,2,2,13,8*,-,8,162.50,0,0,0,1,1,India
R Ashwin ,India,1,1,1,13,13*,-,6,216.66,0,0,0,1,1,Bangladesh
HC Brook ,England,3,2,0,13,12,6.50,12,108.33,0,0,0,2,0,Australia
Haris Rauf ,Pakistan,16,5,2,13,11,4.33,13,100.00,0,0,2,1,1,New Zealand
AF Milne ,New Zealand,7,3,0,13,10,4.33,17,76.47,0,0,1,0,1,Pakistan
Mosaddek Hossain ,Bangladesh,3,2,1,13,7*,13.00,12,108.33,0,0,0,0,1,India
AK Perera ,Sri Lanka,1,1,0,13,13,13.00,11,118.18,0,0,0,1,0,Pakistan
K Rabada ,South Africa,5,3,2,13,13*,13.00,11,118.18,0,0,1,1,1,Sri Lanka
Shakib Al Hasan ,Bangladesh,1,1,0,13,13,13.00,12,108.33,0,0,0,2,0,India
OF Smith ,West Indies,3,2,1,13,11*,13.00,8,162.50,0,0,0,0,1,Bangladesh
IS Sodhi ,New Zealand,16,8,3,13,3*,2.60,19,68.42,0,0,2,0,0,Pakistan
Taskin Ahmed ,Bangladesh,6,4,2,13,8*,6.50,20,65.00,0,0,0,0,1,Pakistan
Taskin Ahmed ,Bangladesh,2,2,0,13,10,6.50,22,59.09,0,0,0,1,0,South Africa
Taskin Ahmed ,Bangladesh,3,2,2,13,11*,-,8,162.50,0,0,0,0,1,Sri Lanka
I Udana ,Sri Lanka,2,2,1,13,8,13.00,10,130.00,0,0,0,1,0,Pakistan
DJ Willey ,England,2,1,1,13,13*,-,9,144.44,0,0,0,0,1,West Indies
KOK Williams ,West Indies,3,1,1,13,13*,-,7,185.71,0,0,0,1,1,India
CR Woakes ,England,3,1,1,13,13*,-,5,260.00,0,0,0,1,1,Australia
Yasir Ali ,Bangladesh,2,2,0,13,7,6.50,15,86.66,0,0,0,2,0,New Zealand
Asif Ali ,Pakistan,3,2,0,12,7,6.00,17,70.58,0,0,0,0,0,South Africa
T Banton ,England,3,3,0,12,8,4.00,20,60.00,0,0,0,1,0,Australia
SSJ Brooks ,West Indies,3,2,0,12,12,6.00,15,80.00,0,0,1,2,0,Bangladesh
DM de Silva ,Sri Lanka,2,2,0,12,9,6.00,15,80.00,0,0,0,0,0,England
BOP Fernando ,Sri Lanka,3,2,0,12,10,6.00,14,85.71,0,0,0,1,0,India
D Ferreira ,South Africa,1,1,0,12,12,12.00,11,109.09,0,0,0,0,1,India
PW Hasaranga ,Sri Lanka,4,4,0,12,4,3.00,18,66.66,0,0,1,0,0,South Africa
M Jansen ,South Africa,2,1,0,12,12,12.00,17,70.58,0,0,0,1,1,India
GSNFG Jayasuriya ,Sri Lanka,1,1,0,12,12,12.00,15,80.00,0,0,0,0,0,Australia
