Player,Team,Mat,Inns,Overs,Mdns,Runs,Wkts,BBI,Ave,Econ,SR,4,5,Opponent
Haris Rauf ,Pakistan,16,16,62.3,0,527,32,4/18,16.46,8.43,11.7,3,0,New Zealand
AU Rashid ,England,13,13,47.2,1,271,24,4/2,11.29,5.72,11.8,1,0,West Indies
JO Holder ,West Indies,12,12,45.0,1,393,22,5/27,17.86,8.73,12.2,1,1,England
Shaheen Shah Afridi ,Pakistan,15,15,57.2,1,483,22,3/34,21.95,8.42,15.6,0,0,New Zealand
TG Southee ,New Zealand,12,12,46.4,1,323,21,4/21,15.38,6.92,13.3,2,0,Pakistan
L Ngidi ,South Africa,9,9,31.0,0,298,19,5/39,15.68,9.61,9.7,0,1,England
MJ Santner ,New Zealand,11,11,37.0,0,290,17,3/23,17.05,7.83,13.0,0,0,England
Haris Rauf ,Pakistan,12,12,47.0,0,411,16,3/32,25.68,8.74,17.6,0,0,England
AJ Hosein ,West Indies,11,11,41.0,0,300,16,4/30,18.75,7.31,15.3,1,0,England
T Shamsi ,South Africa,10,10,37.0,0,322,16,5/24,20.12,8.70,13.8,0,1,England
JR Hazlewood ,Australia,8,8,32.0,2,174,15,4/12,11.60,5.43,12.8,2,0,Sri Lanka
CJ Jordan ,England,9,9,34.5,1,328,15,4/27,21.86,9.41,13.9,1,0,India
AU Rashid ,England,14,13,50.0,1,415,15,4/35,27.66,8.30,20.0,1,0,Pakistan
KW Richardson ,Australia,10,10,37.0,0,296,15,4/30,19.73,8.00,14.8,1,0,Sri Lanka
IS Sodhi ,New Zealand,16,15,52.2,0,422,15,2/22,28.13,8.06,20.9,0,0,Pakistan
Arshdeep Singh ,India,10,10,34.1,0,269,14,3/12,19.21,7.87,14.6,0,0,West Indies
PW Hasaranga ,Sri Lanka,5,5,20.0,0,127,14,3/21,9.07,6.35,8.5,0,0,Pakistan
AR Patel ,India,8,8,30.0,0,187,14,3/16,13.35,6.23,12.8,0,0,Australia
MJ Santner ,New Zealand,9,9,32.3,0,244,14,4/31,17.42,7.50,13.9,1,0,Australia
Shadab Khan ,Pakistan,10,10,38.0,0,340,14,3/34,24.28,8.94,16.2,0,0,England
IS Sodhi ,New Zealand,9,9,31.4,0,290,14,4/28,20.71,9.15,13.5,1,0,Australia
IS Sodhi ,New Zealand,13,13,46.0,0,342,14,3/26,24.42,7.43,19.7,0,0,India
PW Hasaranga ,Sri Lanka,10,9,35.0,0,262,13,4/9,20.15,7.48,16.1,1,0,India
JR Hazlewood ,Australia,9,9,35.0,2,284,13,4/39,21.84,8.11,16.1,1,0,West Indies
Mahedi Hasan ,Bangladesh,10,10,36.0,0,238,13,2/12,18.30,6.61,16.6,0,0,New Zealand
IS Sodhi ,New Zealand,11,11,37.0,0,352,13,3/33,27.07,9.51,17.0,0,0,England
TG Southee ,New Zealand,8,7,26.0,0,181,13,3/15,13.92,6.96,12.0,0,0,Bangladesh
TG Southee ,New Zealand,10,10,38.3,0,330,13,3/16,25.38,8.57,17.7,0,0,India
PW Hasaranga ,Sri Lanka,9,9,29.0,0,299,12,4/33,24.91,10.31,14.5,1,0,Australia
OC McCoy ,West Indies,9,9,31.0,1,291,12,6/17,24.25,9.38,15.5,0,1,India
Shoriful Islam ,Bangladesh,9,9,30.3,0,274,12,3/26,22.83,8.98,15.2,0,0,New Zealand
HR Walsh ,West Indies,6,6,22.0,0,158,12,3/23,13.16,7.18,11.0,0,0,Australia
A Zampa ,Australia,8,8,32.0,0,179,12,3/14,14.91,5.59,16.0,0,0,Sri Lanka
TA Boult ,New Zealand,9,9,33.0,0,259,11,2/18,23.54,7.84,18.0,0,0,Australia
PJ Cummins ,Australia,7,7,28.0,0,211,11,2/23,19.18,7.53,15.2,0,0,Sri Lanka
PW Hasaranga ,Sri Lanka,6,5,20.0,0,94,11,3/12,8.54,4.70,10.9,0,0,West Indies
MJ Henry ,New Zealand,8,7,27.0,0,220,11,3/32,20.00,8.14,14.7,0,0,Pakistan
JO Holder ,West Indies,14,14,54.4,1,507,11,2/19,46.09,9.27,29.8,0,0,India
Kuldeep Yadav ,India,6,6,24.0,1,149,11,3/12,13.54,6.20,13.0,0,0,West Indies
AF Milne ,New Zealand,7,6,24.0,0,251,11,4/33,22.81,10.45,13.0,1,0,Pakistan
Ravi Bishnoi ,India,7,7,26.4,0,176,11,4/16,16.00,6.60,14.5,1,0,West Indies
T Shamsi ,South Africa,8,8,31.0,0,208,11,4/25,18.90,6.70,16.9,1,0,Pakistan
R Shepherd ,West Indies,8,8,27.0,0,271,11,4/31,24.63,10.03,14.7,1,0,India
A Zampa ,Australia,10,10,32.3,0,308,11,4/34,28.00,9.47,17.7,1,0,New Zealand
A Zampa ,Australia,11,11,42.0,0,348,11,3/26,31.63,8.28,22.9,0,0,West Indies
DJ Bravo ,West Indies,6,6,23.0,0,154,10,4/19,15.40,6.69,13.8,1,0,South Africa
SM Curran ,England,7,7,27.0,0,184,10,3/12,18.40,6.81,16.2,0,0,Pakistan
JR Hazlewood ,Australia,5,5,17.4,0,93,10,3/24,9.30,5.26,10.6,0,0,Bangladesh
B Kumar ,India,12,12,40.0,1,297,10,2/19,29.70,7.42,24.0,0,0,West Indies
KA Maharaj ,South Africa,10,10,30.0,0,256,10,2/23,25.60,8.53,18.0,0,0,India
Mohammad Wasim ,Pakistan,6,6,21.0,0,124,10,3/24,12.40,5.90,12.6,0,0,Bangladesh
Mohammad Wasim ,Pakistan,7,7,18.2,0,192,10,4/40,19.20,10.47,11.0,1,0,West Indies
Mustafizur Rahman ,Bangladesh,8,8,27.2,1,180,10,4/12,18.00,6.58,16.4,1,0,New Zealand
Nasum Ahmed ,Bangladesh,8,8,24.0,2,151,10,4/10,15.10,6.29,14.4,1,0,New Zealand
L Ngidi ,South Africa,5,5,15.3,0,155,10,4/29,15.50,10.00,9.3,1,0,India
AY Patel ,New Zealand,5,5,20.0,0,73,10,4/16,7.30,3.65,12.0,1,0,Bangladesh
AL Phehlukwayo ,South Africa,6,6,22.1,0,238,10,3/39,23.80,10.73,13.3,0,0,England
K Rabada ,South Africa,8,8,30.0,0,286,10,3/37,28.60,9.53,18.0,0,0,West Indies
TG Southee ,New Zealand,11,11,40.0,0,361,10,2/25,36.10,9.02,24.0,0,0,England
MA Starc ,Australia,7,7,28.0,0,197,10,3/26,19.70,7.03,16.8,0,0,Sri Lanka
A Zampa ,Australia,5,5,20.0,0,119,10,5/19,11.90,5.95,12.0,0,1,Bangladesh
MM Ali ,England,10,10,25.0,1,184,9,3/24,20.44,7.36,16.6,0,0,West Indies
Arshdeep Singh ,India,5,5,16.0,0,140,9,4/37,15.55,8.75,10.6,1,0,New Zealand
YS Chahal ,India,8,8,27.0,0,210,9,3/34,23.33,7.77,18.0,0,0,Sri Lanka
YS Chahal ,India,9,9,33.0,0,300,9,2/19,33.33,9.09,22.0,0,0,West Indies
DL Chahar ,India,7,7,23.2,1,198,9,3/4,22.00,8.48,15.5,0,0,West Indies
SS Cottrell ,West Indies,8,8,31.0,1,217,9,2/20,24.11,7.00,20.6,0,0,India
SM Curran ,England,9,9,31.0,0,252,9,2/22,28.00,8.12,20.6,0,0,New Zealand
Hasan Ali ,Pakistan,5,5,18.0,0,160,9,3/40,17.77,8.88,12.0,0,0,South Africa
AJ Hosein ,West Indies,11,11,44.0,0,288,9,2/24,32.00,6.54,29.3,0,0,India
Imad Wasim ,Pakistan,8,8,23.0,0,146,9,3/19,16.22,6.34,15.3,0,0,New Zealand
CJ Jordan ,England,10,10,39.0,0,380,9,2/28,42.22,9.74,26.0,0,0,South Africa
AS Joseph ,West Indies,8,8,31.0,0,276,9,2/25,30.66,8.90,20.6,0,0,India
OC McCoy ,West Indies,5,5,20.0,0,141,9,4/22,15.66,7.05,13.3,1,0,South Africa
AF Milne ,New Zealand,7,6,18.0,0,155,9,3/24,17.22,8.61,12.0,0,0,Bangladesh
HV Patel ,India,8,7,24.1,0,208,9,4/25,23.11,8.60,16.1,1,0,South Africa
Ravi Bishnoi ,India,5,5,20.0,0,164,9,3/32,18.22,8.20,13.3,0,0,Australia
AD Russell ,West Indies,9,9,25.0,0,270,9,3/42,30.00,10.80,16.6,0,0,Australia
MJ Santner ,New Zealand,14,14,52.0,1,362,9,3/27,40.22,6.96,34.6,0,0,India
T Shamsi ,South Africa,6,6,22.0,0,120,9,3/17,13.33,5.45,14.6,0,0,Sri Lanka
TG Southee ,New Zealand,8,8,29.0,0,265,9,3/6,29.44,9.13,19.3,0,0,Australia
RJW Topley ,England,7,7,27.3,0,198,9,3/37,22.00,7.20,18.3,0,0,West Indies
SA Abbott ,Australia,3,3,10.0,1,70,8,4/31,8.75,7.00,7.5,1,0,South Africa
AC Agar ,Australia,5,5,17.0,0,117,8,6/30,14.62,6.88,12.7,0,1,New Zealand
AC Agar ,Australia,3,3,12.0,0,68,8,5/24,8.50,5.66,9.0,0,1,South Africa
AC Agar ,Australia,10,10,40.0,0,211,8,2/27,26.37,5.27,30.0,0,0,Sri Lanka
Arshdeep Singh ,India,5,5,16.0,0,163,8,3/32,20.37,10.18,12.0,0,0,South Africa
JJ Bumrah ,India,6,6,24.0,1,148,8,3/12,18.50,6.16,18.0,0,0,New Zealand
DL Chahar ,India,3,3,10.2,0,56,8,6/7,7.00,5.41,7.7,0,1,Bangladesh
PVD Chameera ,Sri Lanka,9,9,35.0,0,311,8,2/30,38.87,8.88,26.2,0,0,Australia
LH Ferguson ,New Zealand,5,5,17.0,0,105,8,5/21,13.12,6.17,12.7,0,1,West Indies
Imad Wasim ,Pakistan,7,7,27.0,0,228,8,2/31,28.50,8.44,20.2,0,0,England
AS Joseph ,West Indies,5,5,20.0,0,153,8,3/21,19.12,7.65,15.0,0,0,Australia
B Kumar ,India,8,8,26.0,2,165,8,3/15,20.62,6.34,19.5,0,0,England
B Kumar ,India,6,6,19.3,0,127,8,4/22,15.87,6.51,14.6,1,0,Sri Lanka
D Madushanka ,Sri Lanka,4,4,16.0,0,159,8,3/24,19.87,9.93,12.0,0,0,India
MR Marsh ,Australia,10,6,16.0,0,104,8,3/24,13.00,6.50,12.0,0,0,West Indies
Mohammad Hasnain ,Pakistan,8,7,28.0,0,267,8,3/51,33.37,9.53,21.0,0,0,England
Mohammad Nawaz ,3) ,8,8,26.0,0,191,8,2/13,23.87,7.34,19.5,0,0,South Africa
Mohammad Saifuddin ,Bangladesh,7,7,24.0,0,202,8,2/7,25.25,8.41,18.0,0,0,New Zealand
Nasum Ahmed ,Bangladesh,5,5,18.0,1,92,8,4/19,11.50,5.11,13.5,1,0,Australia
A Nortje ,South Africa,7,7,25.0,0,165,8,2/29,20.62,6.60,18.7,0,0,West Indies
HH Pandya ,India,8,8,27.0,0,214,8,4/33,26.75,7.92,20.2,1,0,England
D Pretorius ,South Africa,8,7,22.3,0,206,8,3/26,25.75,9.15,16.8,0,0,India
AU Rashid ,England,7,6,23.0,0,173,8,3/21,21.62,7.52,17.2,0,0,Australia
MJ Santner ,New Zealand,6,6,18.0,0,140,8,3/15,17.50,7.77,13.5,0,0,West Indies
Shadab Khan ,Pakistan,7,7,27.0,1,187,8,2/22,23.37,6.92,20.2,0,0,Bangladesh
Shaheen Shah Afridi ,Pakistan,4,4,16.0,0,82,8,4/22,10.25,5.12,12.0,1,0,Bangladesh
Shaheen Shah Afridi ,Pakistan,8,8,23.3,0,204,8,3/30,25.50,8.68,17.6,0,0,England
Shaheen Shah Afridi ,Pakistan,8,8,29.0,1,230,8,3/14,28.75,7.93,21.7,0,0,South Africa
T Shamsi ,South Africa,8,8,27.0,0,177,8,2/13,22.12,6.55,20.2,0,0,West Indies
MD Shanaka ,Sri Lanka,13,8,18.0,0,137,8,2/4,17.12,7.61,13.5,0,0,India
R Shepherd ,West Indies,6,6,17.0,0,179,8,3/59,22.37,10.52,12.7,0,0,England
Shoriful Islam ,Bangladesh,5,5,14.0,0,92,8,2/19,11.50,6.57,10.5,0,0,Australia
MA Starc ,Australia,7,7,28.0,0,234,8,4/20,29.25,8.35,21.0,1,0,West Indies
SN Thakur ,India,5,5,17.2,0,168,8,3/42,21.00,9.69,13.0,0,0,England
SN Thakur ,India,6,6,17.3,0,174,8,2/21,21.75,9.94,13.1,0,0,New Zealand
M Theekshana ,Sri Lanka,10,10,38.0,0,258,8,3/24,32.25,6.78,28.5,0,0,Australia
DJ Willey ,England,9,9,31.3,0,267,8,2/22,33.37,8.47,23.6,0,0,Pakistan
JC Archer ,England,5,5,20.0,1,155,7,4/33,22.14,7.75,17.1,1,0,India
YS Chahal ,India,5,5,18.0,0,161,7,2/10,23.00,8.94,15.4,0,0,England
YS Chahal ,India,9,9,33.0,1,258,7,2/26,36.85,7.81,28.2,0,0,New Zealand
PVD Chameera ,Sri Lanka,4,4,15.1,0,113,7,4/17,16.14,7.45,13.0,1,0,England
RL Chase ,West Indies,5,5,20.0,0,115,7,3/25,16.42,5.75,17.1,0,0,India
SS Cottrell ,West Indies,5,5,18.5,0,162,7,3/28,23.14,8.60,16.1,0,0,Australia
TK Curran ,England,6,6,21.0,0,235,7,2/33,33.57,11.19,18.0,0,0,South Africa
NT Ellis ,Australia,5,5,20.0,0,197,7,3/30,28.14,9.85,17.1,0,0,India
LH Ferguson ,New Zealand,6,6,23.0,0,209,7,2/25,29.85,9.08,19.7,0,0,England
N Pradeep ,Sri Lanka,2,2,7.0,0,46,7,4/25,6.57,6.57,6.0,1,0,Pakistan
PW Hasaranga ,Sri Lanka,5,5,19.0,0,118,7,3/21,16.85,6.21,16.2,0,0,England
PW Hasaranga ,Sri Lanka,7,7,24.4,0,180,7,2/21,25.71,7.29,21.1,0,0,New Zealand
CJ Jordan ,England,6,6,19.5,0,169,7,3/23,24.14,8.52,17.0,0,0,New Zealand
C Karunaratne ,Sri Lanka,10,10,32.4,0,295,7,2/27,42.14,9.03,28.0,0,0,India
CBRLS Kumara ,Sri Lanka,6,5,18.2,0,189,7,2/31,27.00,10.30,15.7,0,0,India
OC McCoy ,West Indies,3,3,8.0,0,68,7,4/26,9.71,8.50,6.8,1,0,Australia
SL Malinga ,Sri Lanka,3,3,12.0,1,68,7,5/6,9.71,5.66,10.2,0,1,New Zealand
CE McConchie ,New Zealand,5,5,18.1,0,117,7,3/15,16.71,6.44,15.5,0,0,Bangladesh
AF Milne ,New Zealand,3,3,12.0,1,98,7,5/26,14.00,8.16,10.2,0,1,Sri Lanka
Mohammad Nawaz ,Pakistan,7,7,26.0,0,220,7,2/18,31.42,8.46,22.2,0,0,New Zealand
Mohammed Siraj ,India,3,3,12.0,1,80,7,4/17,11.42,6.66,10.2,1,0,New Zealand
Mustafizur Rahman ,Bangladesh,6,6,19.0,1,92,7,3/23,13.14,4.84,16.2,0,0,Australia
JDS Neesham ,New Zealand,12,8,26.0,0,233,7,3/38,33.28,8.96,22.2,0,0,Pakistan
L Ngidi ,South Africa,6,6,22.0,0,242,7,3/32,34.57,11.00,18.8,0,0,West Indies
A Nortje ,South Africa,2,2,6.5,0,18,7,4/10,2.57,2.63,5.8,1,0,Bangladesh
HH Pandya ,India,4,3,12.0,0,99,7,3/25,14.14,8.25,10.2,0,0,Pakistan
WD Parnell ,South Africa,7,7,28.0,1,211,7,3/15,30.14,7.53,24.0,0,0,India
AR Patel ,India,7,6,18.0,1,156,7,3/15,22.28,8.66,15.4,0,0,West Indies
AL Phehlukwayo ,South Africa,2,2,7.0,0,49,7,4/24,7.00,7.00,6.0,1,0,Sri Lanka
K Rabada ,South Africa,10,10,36.0,1,272,7,3/39,38.85,7.55,30.8,0,0,India
AU Rashid ,England,9,9,33.0,0,297,7,2/18,42.42,9.00,28.2,0,0,New Zealand
AU Rashid ,England,10,10,36.0,0,289,7,2/17,41.28,8.02,30.8,0,0,South Africa
AU Rashid ,England,5,5,17.0,0,85,7,2/17,12.14,5.00,14.5,0,0,Sri Lanka
KW Richardson ,Australia,5,5,15.0,0,137,7,3/19,19.57,9.13,12.8,0,0,New Zealand
AD Russell ,West Indies,6,5,18.5,0,197,7,3/19,28.14,10.46,16.1,0,0,England
PADLR Sandakan ,Sri Lanka,4,4,13.4,0,94,7,3/10,13.42,6.87,11.7,0,0,West Indies
Shakib Al Hasan ,Bangladesh,5,5,19.4,1,127,7,4/9,18.14,6.45,16.8,1,0,Australia
OF Smith ,West Indies,3,3,11.0,0,91,7,3/29,13.00,8.27,9.4,0,0,New Zealand
BM Tickner ,New Zealand,5,5,18.3,0,170,7,3/33,24.28,9.18,15.8,0,0,Pakistan
Umran Malik ,India,3,3,11.0,0,106,7,3/48,15.14,9.63,9.4,0,0,Sri Lanka
LB Williams ,South Africa,4,4,15.4,0,147,7,3/35,21.00,9.38,13.4,0,0,Pakistan
A Zampa ,Australia,5,5,17.3,0,119,7,2/9,17.00,6.80,15.0,0,0,South Africa
AC Agar ,Australia,4,4,14.4,0,109,6,2/27,18.16,7.43,14.6,0,0,England
Rehan Ahmed ,England,4,4,15.0,0,164,6,3/39,27.33,10.93,15.0,0,0,West Indies
Arshdeep Singh ,India,3,3,11.4,0,92,6,3/32,15.33,7.88,11.6,0,0,Pakistan
AAP Atkinson ,England,2,2,6.5,0,51,6,4/20,8.50,7.46,6.8,1,0,New Zealand
JP Behrendorff ,Australia,4,4,16.0,2,107,6,2/32,17.83,6.68,16.0,0,0,India
HK Bennett ,New Zealand,5,5,19.0,0,181,6,3/54,30.16,9.52,19.0,0,0,India
TA Boult ,New Zealand,4,4,16.0,0,118,6,3/20,19.66,7.37,16.0,0,0,India
DJ Bravo ,West Indies,6,6,24.0,0,189,6,2/25,31.50,7.87,24.0,0,0,Sri Lanka
YS Chahal ,India,6,6,20.2,0,193,6,3/25,32.16,9.49,20.3,0,0,Australia
YS Chahal ,India,5,4,14.1,0,116,6,3/20,19.33,8.18,14.1,0,0,South Africa
PVD Chameera ,Sri Lanka,6,6,22.1,0,163,6,2/24,27.16,7.35,22.1,0,0,India
SM Curran ,England,4,4,13.0,0,74,6,2/14,12.33,5.69,13.0,0,0,Sri Lanka
SM Curran ,England,5,5,11.1,0,133,6,2/25,22.16,11.91,11.1,0,0,West Indies
TK Curran ,England,6,5,20.0,0,175,6,2/47,29.16,8.75,20.0,0,0,Pakistan
A Dananjaya ,Sri Lanka,3,3,11.0,0,94,6,3/36,15.66,8.54,11.0,0,0,New Zealand
LH Ferguson ,New Zealand,3,3,10.5,0,55,6,4/12,9.16,5.07,10.8,1,0,Australia
Haris Rauf ,Pakistan,7,7,27.0,0,196,6,1/13,32.66,7.25,27.0,0,0,Bangladesh
Haris Rauf ,Pakistan,6,6,19.3,0,209,6,2/18,34.83,10.71,19.5,0,0,South Africa
PW Hasaranga ,Sri Lanka,4,4,16.0,0,100,6,3/20,16.66,6.25,16.0,0,0,South Africa
JR Hazlewood ,Australia,4,4,16.0,1,105,6,3/16,17.50,6.56,16.0,0,0,New Zealand
CJ Jordan ,England,7,6,21.0,0,180,6,2/27,30.00,8.57,21.0,0,0,Pakistan
CJ Jordan ,England,7,7,19.0,0,163,6,4/6,27.16,8.57,19.0,1,0,West Indies
AS Joseph ,West Indies,3,3,11.3,0,143,6,3/39,23.83,12.43,11.5,0,0,England
AS Joseph ,West Indies,2,2,6.0,0,61,6,5/40,10.16,10.16,6.0,0,1,South Africa
Kuldeep Yadav ,India,2,2,5.5,0,43,6,5/17,7.16,7.37,5.8,0,1,South Africa
B Kumar ,India,4,4,15.0,0,113,6,4/26,18.83,7.53,15.0,1,0,Pakistan
B Kumar ,India,6,5,17.4,0,106,6,4/13,17.66,6.00,17.6,1,0,South Africa
GF Linde ,South Africa,5,5,16.0,0,125,6,2/16,20.83,7.81,16.0,0,0,West Indies
Mohammad Nawaz ,Pakistan,3,3,11.4,0,100,6,3/33,16.66,8.57,11.6,0,0,India
T Natarajan ,India,3,3,12.0,0,83,6,3/30,13.83,6.91,12.0,0,0,Australia
A Nortje ,South Africa,9,8,26.0,0,239,6,2/36,39.83,9.19,26.0,0,0,India
HH Pandya ,India,9,9,27.0,0,198,6,3/35,33.00,7.33,27.0,0,0,West Indies
Pramod Madushan ,Sri Lanka,2,2,6.1,0,55,6,4/34,9.16,8.91,6.1,1,0,Pakistan
D Pretorius ,South Africa,3,3,9.0,0,63,6,5/17,10.50,7.00,9.0,0,1,Pakistan
D Pretorius ,South Africa,6,5,13.0,0,91,6,3/17,15.16,7.00,13.0,0,0,Sri Lanka
R Ravindra ,New Zealand,5,5,19.0,0,83,6,3/22,13.83,4.36,19.0,0,0,Bangladesh
JA Richardson ,Australia,4,4,16.0,0,130,6,3/26,21.66,8.12,16.0,0,0,Sri Lanka
KW Richardson ,Australia,3,3,11.0,0,85,6,3/18,14.16,7.72,11.0,0,0,Pakistan
MJ Santner ,New Zealand,4,4,16.0,1,89,6,3/12,14.83,5.56,16.0,0,0,Sri Lanka
T Shamsi ,South Africa,6,6,24.0,0,177,6,2/31,29.50,7.37,24.0,0,0,Australia
R Shepherd ,West Indies,3,3,9.0,0,68,6,3/21,11.33,7.55,9.0,0,0,Bangladesh
IS Sodhi ,New Zealand,7,6,21.0,0,162,6,4/28,27.00,7.71,21.0,1,0,Bangladesh
TG Southee ,New Zealand,5,5,19.0,0,188,6,2/22,31.33,9.89,19.0,0,0,West Indies
MA Starc ,Australia,4,4,15.0,0,114,6,2/22,19.00,7.60,15.0,0,0,Pakistan
MA Starc ,Australia,4,4,13.3,0,116,6,3/23,19.33,8.59,13.5,0,0,South Africa
BA Stokes ,England,6,5,14.0,0,115,6,2/26,19.16,8.21,14.0,0,0,South Africa
O Thomas ,West Indies,2,2,7.0,0,52,6,5/28,8.66,7.42,7.0,0,1,Sri Lanka
Usman Qadir ,Pakistan,5,5,17.0,0,140,6,2/21,23.33,8.23,17.0,0,0,South Africa
DJ Willey ,England,2,2,6.0,0,25,6,4/7,4.16,4.16,6.0,1,0,West Indies
MA Wood ,England,5,4,16.0,0,128,6,3/34,21.33,8.00,16.0,0,0,Australia
MA Wood ,England,2,2,8.0,0,44,6,3/20,7.33,5.50,8.0,0,0,Pakistan
MA Wood ,England,3,3,11.0,0,77,6,3/26,12.83,7.00,11.0,0,0,Sri Lanka
A Zampa ,Australia,6,6,19.5,0,203,6,2/26,33.83,10.23,19.8,0,0,England
A Zampa ,Australia,7,7,25.0,0,206,6,3/16,34.33,8.24,25.0,0,0,India
Abbas Afridi ,Pakistan,3,3,9.0,0,81,5,3/34,16.20,9.00,10.8,0,0,New Zealand
MM Ali ,England,14,8,16.0,0,150,5,2/32,30.00,9.37,19.2,0,0,Pakistan
MM Ali ,England,7,7,17.0,0,144,5,1/4,28.80,8.47,20.4,0,0,South Africa
FA Allen ,West Indies,6,5,17.0,1,131,5,2/29,26.20,7.70,20.4,0,0,England
DL Chahar ,India,5,5,19.0,1,133,5,2/22,26.60,7.00,22.8,0,0,South Africa
PVD Chameera ,Sri Lanka,4,4,15.0,0,119,5,2/23,23.80,7.93,18.0,0,0,West Indies
SS Cottrell ,West Indies,7,7,22.0,1,180,5,2/30,36.00,8.18,26.4,0,0,England
PJ Cummins ,Australia,4,4,13.0,0,88,5,2/13,17.60,6.76,15.6,0,0,South Africa
PJ Cummins ,Australia,3,3,12.0,0,91,5,2/22,18.20,7.58,14.4,0,0,West Indies
SM Curran ,England,2,2,8.0,0,60,5,3/25,12.00,7.50,9.6,0,0,Australia
BJ Dwarshuis ,Australia,2,2,8.0,0,70,5,3/40,14.00,8.75,9.6,0,0,India
NT Ellis ,Australia,2,2,8.0,0,50,5,3/34,10.00,6.25,9.6,0,0,Bangladesh
Faheem Ashraf ,Pakistan,8,8,18.4,0,135,5,3/20,27.00,7.23,22.4,0,0,New Zealand
Faheem Ashraf ,Pakistan,7,7,19.0,0,178,5,3/17,35.60,9.36,22.8,0,0,South Africa
LH Ferguson ,New Zealand,7,7,22.0,1,220,5,2/33,44.00,10.00,26.4,0,0,India
LH Ferguson ,New Zealand,4,4,16.0,0,116,5,2/25,23.20,7.25,19.2,0,0,Pakistan
BC Fortuin ,South Africa,3,3,12.0,0,57,5,2/12,11.40,4.75,14.4,0,0,Sri Lanka
Haris Rauf ,Pakistan,2,2,7.0,0,48,5,3/29,9.60,6.85,8.4,0,0,Sri Lanka
DJ Hooda ,India,5,4,9.5,0,44,5,4/10,8.80,4.47,11.8,1,0,New Zealand
RA Jadeja ,India,6,6,18.0,1,113,5,1/13,22.60,6.27,21.6,0,0,West Indies
CJ Jordan ,England,5,5,16.3,0,138,5,3/17,27.60,8.36,19.8,0,0,Australia
CJ Jordan ,England,4,4,16.0,1,97,5,2/24,19.40,6.06,19.2,0,0,Sri Lanka
SC Kuggeleijn ,New Zealand,3,3,11.0,0,100,5,3/27,20.00,9.09,13.2,0,0,Pakistan
CBRLS Kumara ,Sri Lanka,5,5,18.3,0,175,5,2/22,35.00,9.45,22.2,0,0,Australia
BG Lister ,New Zealand,3,3,12.0,0,106,5,2/26,21.20,8.83,14.4,0,0,Sri Lanka
LS Livingstone ,England,6,5,16.0,0,144,5,2/22,28.80,9.00,19.2,0,0,New Zealand
TS Mills ,England,7,7,22.1,0,219,5,2/17,43.80,9.87,26.6,0,0,West Indies
Mohammad Hasnain ,Pakistan,4,4,15.0,0,138,5,3/37,27.60,9.20,18.0,0,0,Sri Lanka
Mohammad Nawaz ,3) ,6,5,16.0,0,116,5,2/25,23.20,7.25,19.2,0,0,Bangladesh
Mohammad Nawaz ,3) ,8,7,23.0,0,193,5,3/35,38.60,8.39,27.6,0,0,England
G Motie ,West Indies,4,4,16.0,0,118,5,3/24,23.60,7.37,19.2,0,0,England
L Ngidi ,South Africa,6,6,18.5,0,219,5,3/41,43.80,11.62,22.6,0,0,Australia
HH Pandya ,India,6,4,13.0,0,91,5,4/16,18.20,7.00,15.6,1,0,New Zealand
MW Parkinson ,England,2,2,6.0,0,61,5,4/47,12.20,10.16,7.2,1,0,New Zealand
AR Patel ,India,8,7,21.5,0,188,5,1/16,37.60,8.61,26.2,0,0,South Africa
HV Patel ,India,3,3,10.4,0,79,5,2/25,15.80,7.40,12.8,0,0,New Zealand
HV Patel ,India,3,3,12.0,0,105,5,3/22,21.00,8.75,14.4,0,0,West Indies
K Rabada ,South Africa,5,5,18.5,0,170,5,3/48,34.00,9.02,22.6,0,0,England
AU Rashid ,England,6,6,23.0,1,168,5,1/14,33.60,7.30,27.6,0,0,India
NA Saini ,India,4,2,7.5,0,46,5,3/28,9.20,5.87,9.4,0,0,Sri Lanka
NA Saini ,India,3,3,11.0,1,78,5,3/17,15.60,7.09,13.2,0,0,West Indies
T Sangha ,Australia,5,5,20.0,0,179,5,2/30,35.80,8.95,24.0,0,0,India
T Sangha ,Australia,2,2,8.0,0,70,5,4/31,14.00,8.75,9.6,1,0,South Africa
MJ Santner ,New Zealand,3,2,8.0,0,32,5,4/16,6.40,4.00,9.6,1,0,Bangladesh
MJ Santner ,New Zealand,8,8,32.0,0,230,5,2/27,46.00,7.18,38.4,0,0,Pakistan
Shadab Khan ,Pakistan,13,13,44.0,0,355,5,1/26,71.00,8.06,52.8,0,0,New Zealand
Shaheen Shah Afridi ,Pakistan,4,4,14.0,0,125,5,3/26,25.00,8.92,16.8,0,0,West Indies
T Shamsi ,South Africa,2,2,8.0,0,41,5,3/20,8.20,5.12,9.6,0,0,Bangladesh
T Shamsi ,South Africa,9,9,27.4,0,227,5,1/18,45.40,8.20,33.2,0,0,India
TG Southee ,New Zealand,4,4,16.0,1,66,5,2/18,13.20,4.12,19.2,0,0,Sri Lanka
MA Starc ,Australia,3,3,11.0,0,82,5,2/21,16.40,7.45,13.2,0,0,Bangladesh
MP Stoinis ,Australia,4,2,7.0,0,57,5,3/18,11.40,8.14,8.4,0,0,South Africa
MP Stoinis ,Australia,3,2,7.0,0,56,5,3/36,11.20,8.00,8.4,0,0,West Indies
MJ Swepson ,Australia,3,3,10.0,0,69,5,3/23,13.80,6.90,12.0,0,0,India
SN Thakur ,India,3,2,7.0,0,42,5,3/23,8.40,6.00,8.4,0,0,Sri Lanka
RJW Topley ,England,4,4,16.0,0,124,5,2/37,24.80,7.75,19.2,0,0,Pakistan
AJ Tye ,Australia,3,3,10.0,0,67,5,3/18,13.40,6.70,12.0,0,0,Bangladesh
I Udana ,Sri Lanka,2,2,6.4,0,49,5,3/11,9.80,7.35,8.0,0,0,Pakistan
Usman Qadir ,Pakistan,5,4,16.0,0,160,5,2/36,32.00,10.00,19.2,0,0,England
Washington Sundar ,India,6,5,14.0,0,107,5,2/22,21.40,7.64,16.8,0,0,New Zealand
CR Woakes ,England,3,3,8.0,0,48,5,3/4,9.60,6.00,9.6,0,0,Australia
CR Woakes ,England,5,5,13.2,0,114,5,1/12,22.80,8.55,16.0,0,0,West Indies
L Wood ,England,3,3,10.0,0,101,5,3/37,20.20,10.10,12.0,0,0,New Zealand
MA Wood ,England,4,4,16.0,1,129,5,3/31,25.80,8.06,19.2,0,0,India
AC Agar ,Australia,3,3,11.0,0,71,4,2/23,17.75,6.45,16.5,0,0,Pakistan
MM Ali ,England,4,4,12.0,0,82,4,2/18,20.50,6.83,18.0,0,0,Bangladesh
FA Allen ,West Indies,5,5,18.0,0,132,4,2/24,33.00,7.33,27.0,0,0,Australia
FA Allen ,West Indies,5,4,11.0,0,52,4,2/24,13.00,4.72,16.5,0,0,Sri Lanka
Aminul Islam ,Bangladesh,3,3,10.0,0,80,4,2/22,20.00,8.00,15.0,0,0,India
JC Archer ,England,3,3,11.0,0,73,4,3/13,18.25,6.63,16.5,0,0,Bangladesh
Arshdeep Singh ,India,4,4,16.0,0,171,4,2/40,42.75,10.68,24.0,0,0,Australia
TD Astle ,New Zealand,1,1,2.0,0,13,4,4/13,3.25,6.50,3.0,1,0,Bangladesh
Avesh Khan ,India,5,4,15.0,0,105,4,4/18,26.25,7.00,22.5,1,0,South Africa
HK Bennett ,New Zealand,4,4,14.0,0,100,4,2/31,25.00,7.14,21.0,0,0,Bangladesh
TA Boult ,New Zealand,6,6,23.4,1,188,4,2/33,47.00,7.94,35.5,0,0,Pakistan
TA Boult ,New Zealand,1,1,4.0,0,13,4,4/13,3.25,3.25,6.0,1,0,Sri Lanka
MG Bracewell ,New Zealand,2,2,8.0,0,53,4,2/14,13.25,6.62,12.0,0,0,Bangladesh
MG Bracewell ,New Zealand,3,3,9.0,0,52,4,2/31,13.00,5.77,13.5,0,0,India
MG Bracewell ,New Zealand,3,3,9.0,0,31,4,2/11,7.75,3.44,13.5,0,0,Pakistan
BA Carse ,England,3,3,8.0,0,66,4,3/23,16.50,8.25,12.0,0,0,New Zealand
YS Chahal ,India,3,3,12.0,0,95,4,2/28,23.75,7.91,18.0,0,0,Bangladesh
RD Chahar ,India,2,2,8.0,0,42,4,3/15,10.50,5.25,12.0,0,0,Sri Lanka
TK Curran ,England,4,4,13.0,1,110,4,2/29,27.50,8.46,19.5,0,0,New Zealand
A Dananjaya ,Sri Lanka,3,3,12.0,0,128,4,3/62,32.00,10.66,18.0,0,0,West Indies
JA Duffy ,New Zealand,1,1,4.0,0,33,4,4/33,8.25,8.25,6.0,1,0,Pakistan
NT Ellis ,Australia,1,1,4.0,0,28,4,4/28,7.00,7.00,6.0,1,0,Pakistan
RJ Gleeson ,England,2,2,8.0,1,46,4,3/15,11.50,5.75,12.0,0,0,India
RJ Gleeson ,England,2,2,7.0,0,89,4,3/51,22.25,12.71,10.5,0,0,South Africa
Haris Rauf ,Pakistan,4,4,16.0,0,134,4,2/36,33.50,8.37,24.0,0,0,India
JO Holder ,West Indies,6,6,20.0,0,211,4,2/42,52.75,10.55,30.0,0,0,Australia
JO Holder ,West Indies,4,1,4.0,0,26,4,4/26,6.50,6.50,6.0,1,0,Pakistan
JO Holder ,West Indies,5,5,17.0,0,163,4,1/26,40.75,9.58,25.5,0,0,South Africa
RA Jadeja ,India,4,4,12.0,0,82,4,2/18,20.50,6.83,18.0,0,0,New Zealand
C Karunaratne ,Sri Lanka,10,9,27.0,0,197,4,2/22,49.25,7.29,40.5,0,0,Australia
Kuldeep Yadav ,India,5,4,14.0,0,106,4,2/30,26.50,7.57,21.0,0,0,Sri Lanka
B Kumar ,India,5,5,17.0,0,122,4,2/24,30.50,7.17,25.5,0,0,New Zealand
CBRLS Kumara ,Sri Lanka,2,2,6.5,0,75,4,3/38,18.75,10.97,10.2,0,0,New Zealand
LS Livingstone ,England,9,5,12.0,0,125,4,2/17,31.25,10.41,18.0,0,0,West Indies
OC McCoy ,West Indies,2,2,8.0,0,79,4,3/40,19.75,9.87,12.0,0,0,New Zealand
OC McCoy ,West Indies,3,3,12.0,0,88,4,2/25,22.00,7.33,18.0,0,0,Sri Lanka
Mahedi Hasan ,Bangladesh,6,5,17.0,0,100,4,2/17,25.00,5.88,25.5,0,0,Australia
Mahedi Hasan ,Bangladesh,4,3,12.0,0,79,4,2/27,19.75,6.58,18.0,0,0,West Indies
S Mahmood ,England,6,5,19.0,0,187,4,3/33,46.75,9.84,28.5,0,0,Pakistan
AK Markram ,South Africa,6,3,8.0,1,33,4,3/21,8.25,4.12,12.0,0,0,Sri Lanka
GJ Maxwell ,Australia,12,8,14.0,0,111,4,2/18,27.75,7.92,21.0,0,0,Sri Lanka
Mehidy Hasan Miraz ,Bangladesh,2,2,6.0,0,30,4,4/12,7.50,5.00,9.0,1,0,England
RP Meredith ,Australia,3,3,11.0,0,83,4,2/24,20.75,7.54,16.5,0,0,New Zealand
RP Meredith ,Australia,2,2,7.5,0,105,4,3/48,26.25,13.40,11.7,0,0,West Indies
AF Milne ,New Zealand,4,4,14.0,0,143,4,2/40,35.75,10.21,21.0,0,0,Australia
Mukesh Kumar ,India,4,4,16.0,0,146,4,3/32,36.50,9.12,24.0,0,0,Australia
Mustafizur Rahman ,Bangladesh,6,6,21.1,0,176,4,1/12,44.00,8.31,31.7,0,0,Pakistan
Naseem Shah ,Pakistan,3,3,12.0,0,95,4,2/27,23.75,7.91,18.0,0,0,India
A Nortje ,South Africa,3,3,12.0,0,91,4,2/21,22.75,7.58,18.0,0,0,Australia
A Nortje ,South Africa,1,1,4.0,0,41,4,4/41,10.25,10.25,6.0,1,0,Pakistan
A Nortje ,South Africa,3,3,10.0,0,64,4,2/27,16.00,6.40,15.0,0,0,Sri Lanka
AR Patel ,India,3,3,11.0,0,66,4,3/9,16.50,6.00,16.5,0,0,New Zealand
HV Patel ,India,3,3,11.0,0,93,4,2/35,23.25,8.45,16.5,0,0,England
HV Patel ,India,4,4,14.0,0,132,4,2/41,33.00,9.42,21.0,0,0,Sri Lanka
KMA Paul ,West Indies,5,5,13.2,0,140,4,2/23,35.00,10.50,20.0,0,0,India
AL Phehlukwayo ,South Africa,7,5,13.4,0,133,4,2/33,33.25,9.73,20.5,0,0,Pakistan
KA Pollard ,West Indies,6,6,16.2,0,118,4,2/31,29.50,7.22,24.5,0,0,England
M Prasidh Krishna ,India,3,3,12.0,0,159,4,3/41,39.75,13.25,18.0,0,0,Australia
D Pretorius ,South Africa,4,3,10.0,0,87,4,2/30,21.75,8.70,15.0,0,0,England
K Rabada ,South Africa,2,2,7.0,0,44,4,3/20,11.00,6.28,10.5,0,0,Bangladesh
JA Richardson ,Australia,5,5,16.0,0,139,4,2/31,34.75,8.68,24.0,0,0,New Zealand
KW Richardson ,Australia,4,4,13.0,0,102,4,2/13,25.50,7.84,19.5,0,0,England
AD Russell ,West Indies,6,6,17.2,0,170,4,2/30,42.50,9.80,26.0,0,0,South Africa
BV Sears ,New Zealand,5,4,12.0,0,96,4,2/28,24.00,8.00,18.0,0,0,Bangladesh
BV Sears ,New Zealand,2,2,8.0,0,70,4,2/28,17.50,8.75,12.0,0,0,Pakistan
Shadab Khan ,Pakistan,4,2,8.0,0,51,4,4/26,12.75,6.37,12.0,1,0,Australia
Shafiul Islam ,Bangladesh,3,3,10.0,1,91,4,2/32,22.75,9.10,15.0,0,0,India
Shakib Al Hasan ,Bangladesh,6,6,23.0,0,151,4,2/10,37.75,6.56,34.5,0,0,New Zealand
R Shepherd ,West Indies,3,3,12.0,0,117,4,2/31,29.25,9.75,18.0,0,0,Australia
R Shepherd ,West Indies,6,4,13.5,0,163,4,2/43,40.75,11.78,20.7,0,0,Pakistan
Shivam Mavi ,India,3,3,9.0,0,81,4,4/22,20.25,9.00,13.5,1,0,Sri Lanka
Shoriful Islam ,Bangladesh,4,3,9.0,0,73,4,2/20,18.25,8.11,13.5,0,0,West Indies
OF Smith ,West Indies,3,3,10.0,0,114,4,2/24,28.50,11.40,15.0,0,0,Pakistan
IS Sodhi ,New Zealand,6,6,21.2,0,158,4,2/21,39.50,7.40,32.0,0,0,Sri Lanka
IS Sodhi ,New Zealand,5,4,16.0,0,132,4,1/26,33.00,8.25,24.0,0,0,West Indies
MP Stoinis ,Australia,7,2,7.0,0,70,4,3/34,17.50,10.00,10.5,0,0,England
Taskin Ahmed ,Bangladesh,3,3,12.0,0,88,4,2/26,22.00,7.33,18.0,0,0,England
Taskin Ahmed ,Bangladesh,6,6,22.1,0,152,4,2/25,38.00,6.85,33.2,0,0,Pakistan
Taskin Ahmed ,Bangladesh,3,3,12.0,0,102,4,2/24,25.50,8.50,18.0,0,0,Sri Lanka
O Thomas ,West Indies,3,3,12.0,0,85,4,2/27,21.25,7.08,18.0,0,0,India
RJW Topley ,England,2,2,8.0,0,56,4,3/22,14.00,7.00,12.0,0,0,India
HR Walsh ,West Indies,3,3,11.0,0,72,4,2/24,18.00,6.54,16.5,0,0,Bangladesh
HR Walsh ,West Indies,5,5,18.0,0,148,4,2/28,37.00,8.22,27.0,0,0,India
Washington Sundar ,India,5,5,15.3,0,138,4,2/29,34.50,8.90,23.2,0,0,England
Washington Sundar ,India,6,6,16.0,1,118,4,1/12,29.50,7.37,24.0,0,0,West Indies
LB Williams ,South Africa,3,3,8.0,0,85,4,3/44,21.25,10.62,12.0,0,0,Australia
CR Woakes ,England,2,2,8.0,1,69,4,2/33,17.25,8.62,12.0,0,0,New Zealand
CR Woakes ,England,3,3,11.0,0,82,4,3/26,20.50,7.45,16.5,0,0,Pakistan
MA Wood ,England,4,4,14.0,0,165,4,2/39,41.25,11.78,21.0,0,0,South Africa
Zaman Khan ,Pakistan,6,6,18.0,0,140,4,1/4,35.00,7.77,27.0,0,0,New Zealand
SA Abbott ,Australia,2,2,8.0,0,42,3,2/14,14.00,5.25,16.0,0,0,Pakistan
AC Agar ,Australia,5,5,20.0,0,112,3,1/17,37.33,5.60,40.0,0,0,Bangladesh
MM Ali ,England,4,3,6.0,0,80,3,2/26,26.66,13.33,12.0,0,0,India
MM Ali ,England,3,3,4.5,0,23,3,2/15,7.66,4.75,9.6,0,0,Sri Lanka
Aminul Islam ,Bangladesh,5,5,14.2,0,106,3,1/26,35.33,7.39,28.6,0,0,Pakistan
JC Archer ,England,3,3,11.0,0,97,3,2/33,32.33,8.81,22.0,0,0,Australia
Arshad Iqbal ,Pakistan,1,1,2.0,0,14,3,3/14,4.66,7.00,4.0,0,0,Bangladesh
Arshdeep Singh ,India,2,2,7.0,0,48,3,2/38,16.00,6.85,14.0,0,0,Bangladesh
Arshdeep Singh ,India,3,3,8.3,0,97,3,3/20,32.33,11.41,17.0,0,0,Sri Lanka
R Ashwin ,India,2,2,8.0,0,42,3,2/23,14.00,5.25,16.0,0,0,New Zealand
R Ashwin ,India,3,3,12.0,0,80,3,2/22,26.66,6.66,24.0,0,0,West Indies
TD Astle ,New Zealand,1,1,4.0,0,28,3,3/28,9.33,7.00,8.0,0,0,Sri Lanka
Avesh Khan ,India,5,5,15.2,0,157,3,2/17,52.33,10.23,30.6,0,0,West Indies
JP Behrendorff ,Australia,5,5,17.0,0,194,3,1/31,64.66,11.41,34.0,0,0,West Indies
MG Bracewell ,New Zealand,2,2,6.0,1,29,3,3/15,9.66,4.83,12.0,0,0,West Indies
PR Brown ,England,4,4,13.0,0,128,3,1/29,42.66,9.84,26.0,0,0,New Zealand
JJ Bumrah ,India,5,4,13.0,1,80,3,1/5,26.66,6.15,26.0,0,0,Sri Lanka
DL Chahar ,India,4,4,16.0,0,155,3,2/44,51.66,9.68,32.0,0,0,Australia
DL Chahar ,India,3,3,10.2,0,110,3,1/26,36.66,10.64,20.6,0,0,New Zealand
PVD Chameera ,Sri Lanka,4,4,11.0,0,84,3,2/27,28.00,7.63,22.0,0,0,South Africa
G Coetzee ,South Africa,3,3,9.5,1,108,3,2/36,36.00,10.98,19.6,0,0,Australia
G Coetzee ,South Africa,1,1,3.3,0,32,3,3/32,10.66,9.14,7.0,0,0,India
PJ Cummins ,Australia,5,5,14.0,0,114,3,1/23,38.00,8.14,28.0,0,0,England
SM Curran ,England,6,6,20.0,0,190,3,3/28,63.33,9.50,40.0,0,0,South Africa
DC Drakes ,West Indies,4,4,14.0,0,125,3,1/24,41.66,8.92,28.0,0,0,India
S Dube ,India,4,4,7.3,0,60,3,3/30,20.00,8.00,15.0,0,0,Bangladesh
Ebadot Hossain ,Bangladesh,1,1,4.0,0,51,3,3/51,17.00,12.75,8.0,0,0,Sri Lanka
NT Ellis ,Australia,1,1,4.0,0,20,3,3/20,6.66,5.00,8.0,0,0,England
NT Ellis ,Australia,3,3,10.0,1,86,3,3/25,28.66,8.60,20.0,0,0,South Africa
LH Ferguson ,New Zealand,2,2,6.0,0,38,3,2/25,12.66,6.33,12.0,0,0,Bangladesh
B Fernando ,Sri Lanka,3,3,10.0,0,90,3,2/41,30.00,9.00,20.0,0,0,Bangladesh
BC Fortuin ,South Africa,2,2,7.0,0,51,3,2/19,17.00,7.28,14.0,0,0,India
BC Fortuin ,South Africa,3,3,10.0,0,81,3,1/25,27.00,8.10,20.0,0,0,Pakistan
AM Hardie ,Australia,4,3,11.0,1,105,3,1/20,35.00,9.54,22.0,0,0,India
Haris Rauf ,Pakistan,4,2,7.0,0,61,3,2/40,20.33,8.71,14.0,0,0,West Indies
Hasan Ali ,Pakistan,1,1,4.0,0,22,3,3/22,7.33,5.50,8.0,0,0,Bangladesh
Hasan Ali ,Pakistan,4,3,7.0,0,47,3,2/11,15.66,6.71,14.0,0,0,West Indies
Hasan Mahmud ,Bangladesh,3,3,10.0,0,65,3,2/26,21.66,6.50,20.0,0,0,England
Hasan Mahmud ,Bangladesh,1,1,4.0,0,47,3,3/47,15.66,11.75,8.0,0,0,India
Hasan Mahmud ,Bangladesh,2,2,8.0,0,69,3,2/27,23.00,8.62,16.0,0,0,Pakistan
JR Hazlewood ,Australia,4,4,13.0,0,138,3,2/39,46.00,10.61,26.0,0,0,India
BE Hendricks ,South Africa,3,3,12.0,0,114,3,3/32,38.00,9.50,24.0,0,0,Pakistan
MC Henriques ,Australia,3,2,5.0,0,31,3,3/22,10.33,6.20,10.0,0,0,India
JO Holder ,West Indies,4,4,16.0,0,119,3,1/19,39.66,7.43,32.0,0,0,Sri Lanka
AJ Hosein ,West Indies,4,4,15.0,0,104,3,1/22,34.66,6.93,30.0,0,0,Bangladesh
Iftikhar Ahmed ,Pakistan,15,4,8.0,0,53,3,3/24,17.66,6.62,16.0,0,0,New Zealand
RA Jadeja ,India,4,4,11.5,0,92,3,2/25,30.66,7.77,23.6,0,0,South Africa
KA Jamieson ,New Zealand,2,2,6.0,0,58,3,3/23,19.33,9.66,12.0,0,0,England
M Jansen ,South Africa,1,1,4.0,0,52,3,3/52,17.33,13.00,8.0,0,0,West Indies
SH Johnson ,Australia,2,2,8.0,0,88,3,2/39,29.33,11.00,16.0,0,0,West Indies
C Karunaratne ,Sri Lanka,2,2,7.0,0,44,3,2/32,14.66,6.28,14.0,0,0,Bangladesh
C Karunaratne ,Sri Lanka,2,2,5.0,0,37,3,2/33,12.33,7.40,10.0,0,0,Pakistan
SC Kuggeleijn ,New Zealand,2,2,6.0,0,37,3,2/23,12.33,6.16,12.0,0,0,Bangladesh
SC Kuggeleijn ,New Zealand,3,3,10.0,0,74,3,2/25,24.66,7.40,20.0,0,0,India
SC Kuggeleijn ,New Zealand,3,3,10.0,0,76,3,2/38,25.33,7.60,20.0,0,0,Sri Lanka
GF Linde ,South Africa,4,4,12.0,0,95,3,3/23,31.66,7.91,24.0,0,0,Pakistan
LS Livingstone ,England,5,5,11.0,0,77,3,1/8,25.66,7.00,22.0,0,0,Sri Lanka
OC McCoy ,West Indies,3,3,10.0,0,82,3,2/37,27.33,8.20,20.0,0,0,Bangladesh
SSB Magala ,South Africa,4,4,14.0,0,138,3,2/33,46.00,9.85,28.0,0,0,Pakistan
SSB Magala ,South Africa,2,2,6.0,0,88,3,3/21,29.33,14.66,12.0,0,0,West Indies
KA Maharaj ,South Africa,4,4,14.4,0,112,3,2/21,37.33,7.63,29.3,0,0,England
KA Maharaj ,South Africa,4,4,14.1,1,77,3,1/10,25.66,5.43,28.3,0,0,Sri Lanka
S Mahmood ,England,3,3,10.0,0,115,3,1/20,38.33,11.50,20.0,0,0,New Zealand
Mahmudullah ,Bangladesh,5,3,4.4,0,32,3,3/10,10.66,6.85,9.3,0,0,Pakistan
SL Malinga ,Sri Lanka,3,3,12.0,0,77,3,2/11,25.66,6.41,24.0,0,0,South Africa
TS Mills ,England,1,1,4.0,0,27,3,3/27,9.00,6.75,8.0,0,0,Bangladesh
AF Milne ,New Zealand,5,5,17.0,0,174,3,1/23,58.00,10.23,34.0,0,0,India
Mohammad Amir ,Pakistan,3,3,12.0,0,92,3,3/27,30.66,7.66,24.0,0,0,Sri Lanka
Mohammad Hafeez ,Pakistan,6,1,4.0,0,28,3,3/28,9.33,7.00,8.0,0,0,England
Mohammad Nawaz ,Pakistan,3,3,11.0,0,96,3,2/36,32.00,8.72,22.0,0,0,West Indies
Mohammad Saifuddin ,Bangladesh,1,1,3.0,0,12,3,3/12,4.00,4.00,6.0,0,0,Australia
Mohammad Wasim ,Pakistan,5,5,17.5,0,190,3,1/30,63.33,10.65,35.6,0,0,England
Mohammad Wasim ,Pakistan,6,6,19.0,0,150,3,2/20,50.00,7.89,38.0,0,0,New Zealand
CH Morris ,South Africa,2,2,7.0,1,54,3,3/32,18.00,7.71,14.0,0,0,Sri Lanka
Mukesh Kumar ,India,2,2,5.0,0,55,3,2/34,18.33,11.00,10.0,0,0,South Africa
Mukesh Kumar ,India,5,5,12.5,0,113,3,1/19,37.66,8.80,25.6,0,0,West Indies
Mustafizur Rahman ,Bangladesh,4,4,15.0,0,90,3,1/14,30.00,6.00,30.0,0,0,England
JDS Neesham ,New Zealand,5,4,7.0,0,82,3,2/25,27.33,11.71,14.0,0,0,England
JDS Neesham ,New Zealand,4,3,8.0,0,72,3,2/30,24.00,9.00,16.0,0,0,Sri Lanka
A Nortje ,South Africa,4,4,14.0,0,104,3,1/12,34.66,7.42,28.0,0,0,England
HH Pandya ,India,8,6,15.0,0,144,3,1/23,48.00,9.60,30.0,0,0,South Africa
HH Pandya ,India,5,5,15.0,0,107,3,2/30,35.66,7.13,30.0,0,0,Sri Lanka
KH Pandya ,India,3,3,11.3,1,78,3,2/23,26.00,6.78,23.0,0,0,West Indies
AR Patel ,India,3,3,10.0,0,74,3,2/24,24.66,7.40,20.0,0,0,Sri Lanka
M Pathirana ,Sri Lanka,2,2,7.4,0,84,3,2/28,28.00,10.95,15.3,0,0,Bangladesh
K Pierre ,West Indies,4,4,10.0,0,106,3,2/44,35.33,10.60,20.0,0,0,India
Pramod Madushan ,Sri Lanka,3,3,10.0,0,96,3,2/37,32.00,9.60,20.0,0,0,New Zealand
D Pretorius ,South Africa,1,1,2.0,0,17,3,3/17,5.66,8.50,4.0,0,0,West Indies
K Rabada ,South Africa,4,4,15.0,0,142,3,1/27,47.33,9.46,30.0,0,0,Australia
K Rabada ,South Africa,5,5,15.0,0,147,3,2/23,49.00,9.80,30.0,0,0,Sri Lanka
CAK Rajitha ,Sri Lanka,3,3,12.0,1,104,3,2/22,34.66,8.66,24.0,0,0,India
CAK Rajitha ,Sri Lanka,4,4,14.0,0,126,3,2/23,42.00,9.00,28.0,0,0,New Zealand
CAK Rajitha ,Sri Lanka,3,3,11.0,0,48,3,1/11,16.00,4.36,22.0,0,0,Pakistan
SHA Rance ,New Zealand,3,3,11.0,0,120,3,3/33,40.00,10.90,22.0,0,0,Sri Lanka
R Ravindra ,New Zealand,6,4,10.0,0,88,3,2/28,29.33,8.80,20.0,0,0,Pakistan
AD Russell ,West Indies,3,3,12.0,0,99,3,2/33,33.00,8.25,24.0,0,0,Sri Lanka
R Sai Kishore ,India,1,1,4.0,0,12,3,3/12,4.00,3.00,8.0,0,0,Bangladesh
DR Sams ,Australia,4,4,10.5,0,123,3,2/33,41.00,11.35,21.6,0,0,India
DR Sams ,Australia,2,2,8.0,0,86,3,2/40,28.66,10.75,16.0,0,0,New Zealand
PADLR Sandakan ,Sri Lanka,1,1,4.0,0,35,3,3/35,11.66,8.75,8.0,0,0,India
BV Sears ,New Zealand,2,2,6.0,0,51,3,2/29,17.00,8.50,12.0,0,0,Australia
Shadab Khan ,Pakistan,4,4,16.0,0,93,3,2/31,31.00,5.81,32.0,0,0,India
Shadab Khan ,Pakistan,4,4,16.0,0,133,3,1/28,44.33,8.31,32.0,0,0,Sri Lanka
Shadab Khan ,Pakistan,7,5,17.0,1,105,3,3/17,35.00,6.17,34.0,0,0,West Indies
Shafiul Islam ,Bangladesh,2,2,7.0,0,54,3,2/27,18.00,7.71,14.0,0,0,Pakistan
Shaheen Shah Afridi ,Pakistan,2,2,8.0,0,56,3,2/21,18.66,7.00,16.0,0,0,Australia
Shaheen Shah Afridi ,Pakistan,2,2,8.0,0,65,3,3/31,21.66,8.12,16.0,0,0,India
Shahnawaz Dahani ,Pakistan,4,4,13.2,0,170,3,2/37,56.66,12.75,26.6,0,0,England
Shakib Al Hasan ,Bangladesh,4,4,14.0,0,93,3,1/13,31.00,6.64,28.0,0,0,England
Shivam Mavi ,India,3,3,5.0,0,42,3,2/12,14.00,8.40,10.0,0,0,New Zealand
L Sipamla ,South Africa,3,3,9.4,0,83,3,2/22,27.66,8.58,19.3,0,0,Sri Lanka
OF Smith ,West Indies,3,3,8.0,0,88,3,1/22,29.33,11.00,16.0,0,0,Bangladesh
OF Smith ,West Indies,6,6,15.0,0,165,3,3/33,55.00,11.00,30.0,0,0,India
OF Smith ,West Indies,2,2,4.0,0,63,3,2/27,21.00,15.75,8.0,0,0,South Africa
MA Starc ,Australia,6,6,20.0,0,165,3,1/20,55.00,8.25,40.0,0,0,England
DW Steyn ,South Africa,2,2,7.0,1,59,3,2/34,19.66,8.42,14.0,0,0,Sri Lanka
MP Stoinis ,Australia,10,6,15.0,0,115,3,2/8,38.33,7.66,30.0,0,0,Sri Lanka
BA Stokes ,England,6,6,14.0,0,124,3,1/25,41.33,8.85,28.0,0,0,India
MJ Swepson ,Australia,2,2,6.0,0,26,3,3/12,8.66,4.33,12.0,0,0,Bangladesh
Taskin Ahmed ,Bangladesh,4,4,13.5,0,141,3,1/24,47.00,10.19,27.6,0,0,New Zealand
Taskin Ahmed ,Bangladesh,2,2,7.0,0,64,3,2/18,21.33,9.14,14.0,0,0,South Africa
M Theekshana ,Sri Lanka,4,4,16.0,0,97,3,1/22,32.33,6.06,32.0,0,0,New Zealand
M Theekshana ,Sri Lanka,2,2,8.0,0,46,3,2/21,15.33,5.75,16.0,0,0,Pakistan
O Thomas ,West Indies,3,2,7.0,0,67,3,2/23,22.33,9.57,14.0,0,0,New Zealand
RJW Topley ,England,3,3,9.0,0,80,3,2/36,26.66,8.88,18.0,0,0,Australia
AJ Tye ,Australia,1,1,4.0,0,37,3,3/37,12.33,9.25,8.0,0,0,West Indies
I Udana ,Sri Lanka,3,3,12.0,0,110,3,1/25,36.66,9.16,24.0,0,0,England
Washington Sundar ,India,4,4,16.0,0,99,3,2/15,33.00,6.18,32.0,0,0,Bangladesh
Washington Sundar ,India,3,2,8.0,0,66,3,2/37,22.00,8.25,16.0,0,0,Sri Lanka
DJ Willey ,England,1,1,4.0,1,25,3,3/25,8.33,6.25,8.0,0,0,South Africa
DJ Willey ,England,2,2,8.0,0,44,3,3/27,14.66,5.50,16.0,0,0,Sri Lanka
KOK Williams ,West Indies,3,3,11.4,0,127,3,2/30,42.33,10.88,23.3,0,0,India
LB Williams ,South Africa,2,2,7.0,0,78,3,2/46,26.00,11.14,14.0,0,0,India
CR Woakes ,England,4,4,12.3,0,72,3,1/9,24.00,5.76,25.0,0,0,Sri Lanka
L Wood ,England,2,2,8.0,0,73,3,3/24,24.33,9.12,16.0,0,0,Pakistan
MA Wood ,England,1,1,3.0,0,9,3,3/9,3.00,3.00,6.0,0,0,West Indies
Zahid Mahmood ,Pakistan,1,1,4.0,0,40,3,3/40,13.33,10.00,8.0,0,0,South Africa
SA Abbott ,Australia,6,6,15.5,0,199,2,1/43,99.50,12.56,47.5,0,0,India
KK Ahmed ,India,3,3,12.0,0,108,2,1/37,54.00,9.00,36.0,0,0,Bangladesh
Rehan Ahmed ,England,1,1,4.0,0,27,2,2/27,13.50,6.75,12.0,0,0,New Zealand
FA Allen ,West Indies,3,3,5.5,0,46,2,1/18,23.00,7.88,17.5,0,0,India
FA Allen ,West Indies,4,3,10.0,0,76,2,2/18,38.00,7.60,30.0,0,0,South Africa
JC Archer ,England,1,1,4.0,0,29,2,2/29,14.50,7.25,12.0,0,0,Pakistan
JC Archer ,England,3,3,12.0,0,90,2,1/18,45.00,7.50,36.0,0,0,South Africa
Arshdeep Singh ,India,2,2,5.3,1,33,2,2/18,16.50,6.00,16.5,0,0,England
Avesh Khan ,India,3,3,12.0,0,109,2,1/33,54.50,9.08,36.0,0,0,Australia
Avesh Khan ,India,1,1,4.0,1,23,2,2/23,11.50,5.75,12.0,0,0,Sri Lanka
XC Bartlett ,Australia,1,1,4.0,0,37,2,2/37,18.50,9.25,12.0,0,0,West Indies
JP Behrendorff ,Australia,1,1,4.0,0,25,2,2/25,12.50,6.25,12.0,0,0,South Africa
TA Boult ,New Zealand,2,2,8.0,0,47,2,2/25,23.50,5.87,24.0,0,0,Bangladesh
TA Boult ,New Zealand,4,4,15.0,0,150,2,2/35,75.00,10.00,45.0,0,0,England
DJ Bravo ,West Indies,4,4,12.0,0,98,2,1/17,49.00,8.16,36.0,0,0,Australia
DJ Bravo ,West Indies,4,1,4.0,0,24,2,2/24,12.00,6.00,12.0,0,0,Pakistan
JJ Bumrah ,India,1,1,3.0,1,10,2,2/10,5.00,3.33,9.0,0,0,England
DL Chahar ,India,1,1,3.0,0,24,2,2/24,12.00,8.00,9.0,0,0,Sri Lanka
RD Chahar ,India,2,2,7.0,0,68,2,2/35,34.00,9.71,21.0,0,0,England
RL Chase ,West Indies,2,2,5.2,0,36,2,2/19,18.00,6.75,16.0,0,0,Australia
DT Christian ,Australia,3,2,6.0,0,26,2,2/17,13.00,4.33,18.0,0,0,Bangladesh
SS Cottrell ,West Indies,3,3,7.0,0,84,2,2/31,42.00,12.00,21.0,0,0,South Africa
SS Cottrell ,West Indies,2,2,6.1,0,43,2,1/14,21.50,6.97,18.5,0,0,Sri Lanka
PJ Cummins ,Australia,3,3,10.0,0,110,2,1/23,55.00,11.00,30.0,0,0,India
PJ Cummins ,Australia,4,4,15.0,0,135,2,1/19,67.50,9.00,45.0,0,0,New Zealand
PJ Cummins ,Australia,3,3,11.0,0,64,2,1/19,32.00,5.81,33.0,0,0,Pakistan
SM Curran ,England,8,8,19.0,1,164,2,1/16,82.00,8.63,57.0,0,0,India
CJ Dala ,South Africa,1,1,3.0,0,29,2,2/29,14.50,9.66,9.0,0,0,Sri Lanka
A Dananjaya ,Sri Lanka,3,3,11.0,0,80,2,2/29,40.00,7.27,33.0,0,0,India
A Dananjaya ,Sri Lanka,4,4,15.0,0,129,2,1/28,64.50,8.60,45.0,0,0,South Africa
DM de Silva ,Sri Lanka,2,1,4.0,0,24,2,2/24,12.00,6.00,12.0,0,0,England
DC Drakes ,West Indies,3,3,11.0,0,114,2,1/37,57.00,10.36,33.0,0,0,Pakistan
S Dube ,India,5,5,9.0,0,102,2,1/16,51.00,11.33,27.0,0,0,New Zealand
Ebadot Hossain ,Bangladesh,1,1,4.0,0,40,2,2/40,20.00,10.00,12.0,0,0,New Zealand
FH Edwards ,West Indies,2,2,5.0,0,40,2,2/19,20.00,8.00,15.0,0,0,South Africa
NT Ellis ,Australia,2,2,5.0,0,27,2,2/16,13.50,5.40,15.0,0,0,New Zealand
B Fernando ,Sri Lanka,2,2,4.5,0,17,2,2/12,8.50,3.51,14.5,0,0,Australia
B Fernando ,Sri Lanka,2,2,7.0,0,43,2,1/17,21.50,6.14,21.0,0,0,England
B Fernando ,Sri Lanka,1,1,2.0,0,24,2,2/24,12.00,12.00,6.0,0,0,West Indies
BC Fortuin ,South Africa,2,2,6.0,0,61,2,2/36,30.50,10.16,18.0,0,0,Australia
CH Gayle ,West Indies,6,4,5.2,0,26,2,1/1,13.00,4.87,16.0,0,0,Australia
C Green ,Australia,1,1,3.0,0,16,2,2/16,8.00,5.33,9.0,0,0,Pakistan
C Green ,Australia,2,2,6.0,0,51,2,1/16,25.50,8.50,18.0,0,0,West Indies
Hasan Ali ,Pakistan,2,2,7.4,0,70,2,1/28,35.00,9.13,23.0,0,0,England
Hasan Ali ,Pakistan,1,1,4.0,0,44,2,2/44,22.00,11.00,12.0,0,0,India
PW Hasaranga ,Sri Lanka,2,2,7.0,0,70,2,2/41,35.00,10.00,21.0,0,0,Bangladesh
JR Hazlewood ,Australia,4,4,13.0,0,116,2,1/23,58.00,8.92,39.0,0,0,England
JR Hazlewood ,Australia,1,1,4.0,1,19,2,2/19,9.50,4.75,12.0,0,0,South Africa
BE Hendricks ,South Africa,3,3,10.0,0,134,2,2/33,67.00,13.40,30.0,0,0,England
BE Hendricks ,South Africa,1,1,4.0,0,14,2,2/14,7.00,3.50,12.0,0,0,India
MJ Henry ,New Zealand,2,2,8.0,0,52,2,1/21,26.00,6.50,24.0,0,0,England
AJ Hosein ,West Indies,6,6,19.0,0,182,2,1/29,91.00,9.57,57.0,0,0,Australia
AJ Hosein ,West Indies,1,1,4.0,0,28,2,2/28,14.00,7.00,12.0,0,0,New Zealand
AJ Hosein ,West Indies,6,3,12.0,0,65,2,1/16,32.50,5.41,36.0,0,0,Pakistan
AJ Hosein ,West Indies,4,4,10.0,0,112,2,1/27,56.00,11.20,30.0,0,0,South Africa
Iftikhar Ahmed ,Pakistan,10,6,16.5,0,124,2,1/7,62.00,7.36,50.5,0,0,England
Imad Wasim ,Pakistan,3,3,12.0,0,69,2,1/18,34.50,5.75,36.0,0,0,Sri Lanka
VR Iyer ,India,3,1,3.0,0,36,2,2/36,18.00,12.00,9.0,0,0,Sri Lanka
VR Iyer ,India,3,2,3.1,0,27,2,2/23,13.50,8.52,9.5,0,0,West Indies
RA Jadeja ,India,3,2,8.0,0,65,2,1/28,32.50,8.12,24.0,0,0,Sri Lanka
KA Jamieson ,New Zealand,2,2,7.0,0,41,2,2/15,20.50,5.85,21.0,0,0,West Indies
M Jansen ,South Africa,2,2,7.0,0,77,2,1/38,38.50,11.00,21.0,0,0,India
P Jayawickrama ,Sri Lanka,2,2,8.0,0,72,2,1/29,36.00,9.00,24.0,0,0,Australia
SH Johnson ,Australia,2,2,7.3,0,62,2,2/33,31.00,8.26,22.5,0,0,South Africa
C Karunaratne ,Sri Lanka,1,1,4.0,0,43,2,2/43,21.50,10.75,12.0,0,0,West Indies
Kuldeep Yadav ,India,3,3,9.0,0,49,2,1/17,24.50,5.44,27.0,0,0,New Zealand
CBRLS Kumara ,Sri Lanka,2,2,7.4,0,68,2,2/24,34.00,8.86,23.0,0,0,England
CBRLS Kumara ,Sri Lanka,1,1,4.0,0,24,2,2/24,12.00,6.00,12.0,0,0,Pakistan
GF Linde ,South Africa,3,3,12.0,0,73,2,2/20,36.50,6.08,36.0,0,0,England
BG Lister ,New Zealand,3,3,9.5,0,82,2,2/30,41.00,8.33,29.5,0,0,Pakistan
LS Livingstone ,England,1,1,3.0,0,15,2,2/15,7.50,5.00,9.0,0,0,Bangladesh
KA Maharaj ,South Africa,1,1,4.0,0,24,2,2/24,12.00,6.00,12.0,0,0,West Indies
Mahedi Hasan ,Bangladesh,4,4,13.2,0,129,2,1/30,64.50,9.67,40.0,0,0,Sri Lanka
SL Malinga ,Sri Lanka,3,3,11.0,0,82,2,1/22,41.00,7.45,33.0,0,0,Australia
MR Marsh ,Australia,9,3,7.0,0,50,2,1/18,25.00,7.14,21.0,0,0,New Zealand
AD Mathews ,Sri Lanka,2,2,5.2,0,39,2,2/17,19.50,7.31,16.0,0,0,Bangladesh
GJ Maxwell ,Australia,6,4,8.0,0,57,2,2/14,28.50,7.12,24.0,0,0,England
GJ Maxwell ,Australia,10,5,10.0,0,98,2,2/14,49.00,9.80,30.0,0,0,New Zealand
TS Mills ,England,1,1,4.0,0,45,2,2/45,22.50,11.25,12.0,0,0,Australia
DJ Mitchell ,New Zealand,11,2,1.4,0,17,2,1/6,8.50,10.20,5.0,0,0,India
Mohammad Hafeez ,Pakistan,4,4,7.0,1,41,2,1/6,20.50,5.85,21.0,0,0,West Indies
Mohammad Hasnain ,Pakistan,3,3,12.0,0,94,2,2/20,47.00,7.83,36.0,0,0,Bangladesh
Mohammad Wasim ,Pakistan,1,1,4.0,0,30,2,2/30,15.00,7.50,12.0,0,0,Australia
Mohammed Shami ,India,4,4,13.0,0,118,2,2/32,59.00,9.07,39.0,0,0,New Zealand
Mohammed Shami ,India,1,1,4.0,0,25,2,2/25,12.50,6.25,12.0,0,0,West Indies
PWA Mulder ,South Africa,1,1,4.0,0,31,2,2/31,15.50,7.75,12.0,0,0,West Indies
Mustafizur Rahman ,Bangladesh,4,4,15.0,0,138,2,1/32,69.00,9.20,45.0,0,0,Sri Lanka
Mustafizur Rahman ,Bangladesh,4,3,10.0,0,107,2,2/43,53.50,10.70,30.0,0,0,West Indies
SP Narine ,West Indies,3,3,12.0,0,71,2,2/14,35.50,5.91,36.0,0,0,India
Naseem Shah ,Pakistan,2,2,7.0,0,42,2,2/27,21.00,6.00,21.0,0,0,Bangladesh
Naseem Shah ,Pakistan,4,4,15.1,0,116,2,2/38,58.00,7.64,45.5,0,0,New Zealand
Nasum Ahmed ,Bangladesh,3,3,8.0,0,70,2,1/26,35.00,8.75,24.0,0,0,England
Nasum Ahmed ,Bangladesh,3,3,12.0,0,56,2,1/14,28.00,4.66,36.0,0,0,Pakistan
Nasum Ahmed ,Bangladesh,1,1,2.5,0,29,2,2/29,14.50,10.23,8.5,0,0,Sri Lanka
Nasum Ahmed ,Bangladesh,2,1,4.0,0,44,2,2/44,22.00,11.00,12.0,0,0,West Indies
JDS Neesham ,New Zealand,7,4,7.0,0,94,2,2/10,47.00,13.42,21.0,0,0,Australia
HH Pandya ,India,1,1,3.0,0,28,2,2/28,14.00,9.33,9.0,0,0,Bangladesh
WD Parnell ,South Africa,3,3,9.3,0,111,2,2/43,55.50,11.68,28.5,0,0,West Indies
GD Phillips ,New Zealand,8,4,6.3,0,44,2,1/11,22.00,6.76,19.5,0,0,Bangladesh
LE Plunkett ,England,1,1,2.5,0,8,2,2/8,4.00,2.82,8.5,0,0,West Indies
KA Pollard ,West Indies,9,4,6.0,0,86,2,1/10,43.00,14.33,18.0,0,0,India
KA Pollard ,West Indies,3,2,4.2,0,49,2,1/16,24.50,11.30,13.0,0,0,New Zealand
R Powell ,West Indies,3,1,4.0,0,31,2,2/31,15.50,7.75,12.0,0,0,Sri Lanka
D Pretorius ,South Africa,3,3,11.4,0,97,2,1/29,48.50,8.31,35.0,0,0,Australia
AU Rashid ,England,4,4,15.0,0,111,2,1/23,55.50,7.40,45.0,0,0,Bangladesh
Ravi Bishnoi ,India,1,1,4.0,0,30,2,2/30,15.00,7.50,12.0,0,0,England
KW Richardson ,Australia,3,3,9.0,0,58,2,2/21,29.00,6.44,27.0,0,0,South Africa
NA Saini ,India,2,2,8.0,0,52,2,2/23,26.00,6.50,24.0,0,0,New Zealand
Shadab Khan ,Pakistan,1,1,2.0,0,16,2,2/16,8.00,8.00,6.0,0,0,South Africa
Shahnawaz Dahani ,Pakistan,2,2,7.0,0,48,2,1/24,24.00,6.85,21.0,0,0,Bangladesh
MD Shanaka ,Sri Lanka,12,6,5.5,0,55,2,1/6,27.50,9.42,17.5,0,0,Australia
MD Shanaka ,Sri Lanka,4,3,6.1,0,69,2,2/36,34.50,11.18,18.5,0,0,Bangladesh
MD Shanaka ,Sri Lanka,7,2,3.0,0,30,2,2/20,15.00,10.00,9.0,0,0,New Zealand
MD Shanaka ,Sri Lanka,3,2,3.0,0,28,2,1/10,14.00,9.33,9.0,0,0,West Indies
Shakib Al Hasan ,Bangladesh,1,1,4.0,0,33,2,2/33,16.50,8.25,12.0,0,0,India
Shakib Al Hasan ,Bangladesh,1,1,3.0,0,33,2,2/33,16.50,11.00,9.0,0,0,South Africa
Shakib Al Hasan ,Bangladesh,2,2,7.0,0,48,2,2/17,24.00,6.85,21.0,0,0,Sri Lanka
Shakib Al Hasan ,Bangladesh,4,3,10.0,0,76,2,1/10,38.00,7.60,30.0,0,0,West Indies
HB Shipley ,New Zealand,2,2,7.0,0,68,2,1/25,34.00,9.71,21.0,0,0,Sri Lanka
K Sinclair ,West Indies,3,3,9.0,0,73,2,2/23,36.50,8.11,27.0,0,0,South Africa
K Sinclair ,West Indies,3,3,9.0,0,77,2,1/19,38.50,8.55,27.0,0,0,Sri Lanka
OF Smith ,West Indies,2,2,6.0,0,43,2,1/19,21.50,7.16,18.0,0,0,Australia
Soumya Sarkar ,Bangladesh,3,2,6.0,0,45,2,2/29,22.50,7.50,18.0,0,0,India
B Stanlake ,Australia,1,1,4.0,0,23,2,2/23,11.50,5.75,12.0,0,0,Sri Lanka
MA Starc ,Australia,1,1,4.0,0,34,2,2/34,17.00,8.50,12.0,0,0,India
DW Steyn ,South Africa,1,1,4.0,0,31,2,2/31,15.50,7.75,12.0,0,0,Australia
Tanzim Hasan Sakib ,Bangladesh,2,2,6.0,0,60,2,1/15,30.00,10.00,18.0,0,0,New Zealand
SN Thakur ,India,2,2,8.0,0,82,2,1/39,41.00,10.25,24.0,0,0,Australia
SN Thakur ,India,1,1,4.0,0,33,2,2/33,16.50,8.25,12.0,0,0,West Indies
M Theekshana ,Sri Lanka,3,3,12.0,0,90,2,1/23,45.00,7.50,36.0,0,0,Bangladesh
M Theekshana ,Sri Lanka,4,4,16.0,0,139,2,1/29,69.50,8.68,48.0,0,0,India
O Thomas ,West Indies,3,3,9.0,0,98,2,1/35,49.00,10.88,27.0,0,0,Pakistan
N Thushara ,Sri Lanka,4,4,9.1,0,89,2,1/18,44.50,9.70,27.5,0,0,Australia
BM Tickner ,New Zealand,2,2,8.0,0,75,2,2/25,37.50,9.37,24.0,0,0,England
BM Tickner ,New Zealand,5,5,11.5,0,148,2,1/34,74.00,12.50,35.5,0,0,India
RJW Topley ,England,3,3,12.0,0,104,2,2/29,52.00,8.66,36.0,0,0,South Africa
AJ Tye ,Australia,2,2,8.0,0,78,2,1/31,39.00,9.75,24.0,0,0,India
Umran Malik ,India,2,2,3.1,0,25,2,2/9,12.50,7.89,9.5,0,0,New Zealand
Usama Mir ,Pakistan,3,3,12.0,0,111,2,1/21,55.50,9.25,36.0,0,0,New Zealand
Usman Qadir ,Pakistan,1,1,4.0,0,33,2,2/33,16.50,8.25,12.0,0,0,Australia
Usman Qadir ,Pakistan,2,1,4.0,0,35,2,2/35,17.50,8.75,12.0,0,0,Bangladesh
JDF Vandersay ,Sri Lanka,3,3,11.0,0,85,2,1/25,42.50,7.72,33.0,0,0,South Africa
CV Varun ,India,3,3,11.3,0,61,2,1/18,30.50,5.30,34.5,0,0,Sri Lanka
Wahab Riaz ,Pakistan,1,1,4.0,0,26,2,2/26,13.00,6.50,12.0,0,0,England
Wahab Riaz ,Pakistan,2,2,8.0,0,57,2,1/26,28.50,7.12,24.0,0,0,Sri Lanka
Washington Sundar ,India,3,3,12.0,0,85,2,2/34,42.50,7.08,36.0,0,0,Australia
DJ Willey ,England,2,2,7.0,0,75,2,2/40,37.50,10.71,21.0,0,0,India
UT Yadav ,India,1,1,2.0,0,27,2,2/27,13.50,13.50,6.0,0,0,Australia
A Zampa ,Australia,4,4,15.0,0,112,2,1/22,56.00,7.46,45.0,0,0,Pakistan
Aamer Jamal ,Pakistan,2,2,4.0,0,43,1,1/13,43.00,10.75,24.0,0,0,England
Aamer Jamal ,Pakistan,2,2,8.0,0,97,1,1/42,97.00,12.12,48.0,0,0,New Zealand
SA Abbott ,Australia,1,1,4.0,0,41,1,1/41,41.00,10.25,24.0,0,0,West Indies
Afif Hossain ,Bangladesh,5,4,7.0,0,53,1,1/11,53.00,7.57,42.0,0,0,India
Afif Hossain ,Bangladesh,13,2,4.0,0,27,1,1/18,27.00,6.75,24.0,0,0,New Zealand
Afif Hossain ,Bangladesh,2,1,1.0,0,11,1,1/11,11.00,11.00,6.0,0,0,South Africa
Afif Hossain ,Bangladesh,4,1,1.0,0,10,1,1/10,10.00,10.00,6.0,0,0,West Indies
AC Agar ,Australia,2,2,7.0,0,56,1,1/28,56.00,8.00,42.0,0,0,West Indies
KK Ahmed ,India,2,2,5.0,0,30,1,1/8,30.00,6.00,30.0,0,0,West Indies
Rehan Ahmed ,England,2,2,5.0,0,37,1,1/11,37.00,7.40,30.0,0,0,Bangladesh
MM Ali ,England,6,4,6.2,0,47,1,1/11,47.00,7.42,38.0,0,0,New Zealand
FA Allen ,West Indies,3,2,5.0,0,67,1,1/35,67.00,13.40,30.0,0,0,New Zealand
Al-Amin Hossain ,Bangladesh,3,3,12.0,0,81,1,1/22,81.00,6.75,72.0,0,0,India
Al-Amin Hossain ,Bangladesh,2,2,7.0,0,35,1,1/18,35.00,5.00,42.0,0,0,Pakistan
R Ashwin ,India,4,4,16.0,1,123,1,1/43,123.00,7.68,96.0,0,0,South Africa
R Ashwin ,India,1,1,4.0,0,32,1,1/32,32.00,8.00,24.0,0,0,Sri Lanka
Avesh Khan ,India,1,1,4.0,0,43,1,1/43,43.00,10.75,24.0,0,0,England
Avesh Khan ,India,1,1,2.0,0,19,1,1/19,19.00,9.50,12.0,0,0,Pakistan
D Bishoo ,West Indies,2,2,3.3,1,28,1,1/11,28.00,8.00,21.0,0,0,England
TA Boult ,New Zealand,2,2,8.0,0,57,1,1/36,57.00,7.12,48.0,0,0,West Indies
CR Brathwaite ,West Indies,2,1,4.0,0,33,1,1/33,33.00,8.25,24.0,0,0,England
DJ Bravo ,West Indies,1,1,4.0,0,36,1,1/36,36.00,9.00,24.0,0,0,Bangladesh
JJ Bumrah ,India,2,2,6.0,0,73,1,1/23,73.00,12.16,36.0,0,0,Australia
N Burger ,South Africa,1,1,4.0,0,39,1,1/39,39.00,9.75,24.0,0,0,India
Y Cariah ,West Indies,2,2,6.0,0,43,1,1/15,43.00,7.16,36.0,0,0,Australia
YS Chahal ,India,2,2,8.0,0,75,1,1/43,75.00,9.37,48.0,0,0,Pakistan
RD Chahar ,India,1,1,3.0,0,27,1,1/27,27.00,9.00,18.0,0,0,West Indies
MS Chapman ,New Zealand,6,1,2.0,0,9,1,1/9,9.00,4.50,12.0,0,0,Australia
JA Clarkson ,New Zealand,3,1,1.0,0,8,1,1/8,8.00,8.00,6.0,0,0,Australia
SS Cottrell ,West Indies,3,2,8.0,0,69,1,1/30,69.00,8.62,48.0,0,0,New Zealand
SM Curran ,England,3,3,9.0,0,61,1,1/15,61.00,6.77,54.0,0,0,Bangladesh
TK Curran ,England,3,3,11.0,0,81,1,1/23,81.00,7.36,66.0,0,0,Australia
LA Dawson ,England,3,3,9.0,0,65,1,1/32,65.00,7.22,54.0,0,0,Pakistan
C de Grandhomme ,New Zealand,5,2,3.4,0,16,1,1/3,16.00,4.36,22.0,0,0,Bangladesh
C de Grandhomme ,New Zealand,3,1,2.0,0,13,1,1/13,13.00,6.50,12.0,0,0,India
JL Denly ,England,2,1,2.0,0,14,1,1/14,14.00,7.00,12.0,0,0,West Indies
DM de Silva ,Sri Lanka,1,1,2.1,0,18,1,1/18,18.00,8.30,13.0,0,0,Australia
DM de Silva ,Sri Lanka,9,4,6.0,0,47,1,1/6,47.00,7.83,36.0,0,0,India
DM de Silva ,Sri Lanka,4,2,3.4,0,45,1,1/14,45.00,12.27,22.0,0,0,New Zealand
DM de Silva ,Sri Lanka,2,2,5.0,0,22,1,1/18,22.00,4.40,30.0,0,0,Pakistan
DM de Silva ,Sri Lanka,6,4,9.0,0,63,1,1/28,63.00,7.00,54.0,0,0,South Africa
DC Drakes ,West Indies,1,1,4.0,0,19,1,1/19,19.00,4.75,24.0,0,0,New Zealand
JA Duffy ,New Zealand,3,3,9.0,0,42,1,1/25,42.00,4.66,54.0,0,0,Bangladesh
JA Duffy ,New Zealand,2,2,4.0,0,35,1,1/27,35.00,8.75,24.0,0,0,India
Ebadot Hossain ,Bangladesh,1,1,3.1,0,25,1,1/25,25.00,7.89,19.0,0,0,Pakistan
FH Edwards ,West Indies,2,2,3.5,0,32,1,1/8,32.00,8.34,23.0,0,0,Australia
FH Edwards ,West Indies,2,2,6.0,0,48,1,1/29,48.00,8.00,36.0,0,0,Sri Lanka
LH Ferguson ,New Zealand,1,1,4.0,0,35,1,1/35,35.00,8.75,24.0,0,0,Sri Lanka
AM Fernando ,Sri Lanka,1,1,4.0,0,51,1,1/51,51.00,12.75,24.0,0,0,Bangladesh
N Pradeep ,Sri Lanka,3,3,10.4,0,74,1,1/20,74.00,6.93,64.0,0,0,Australia
BC Fortuin ,South Africa,3,3,5.0,0,75,1,1/42,75.00,15.00,30.0,0,0,West Indies
GHS Garton ,England,1,1,4.0,0,57,1,1/57,57.00,14.25,24.0,0,0,West Indies
CH Gayle ,West Indies,5,2,4.0,0,26,1,1/11,26.00,6.50,24.0,0,0,South Africa
RJ Gleeson ,England,2,2,6.0,0,52,1,1/39,52.00,8.66,36.0,0,0,Pakistan
C Green ,Australia,3,2,6.0,0,60,1,1/46,60.00,10.00,36.0,0,0,India
L Gregory ,England,5,2,4.0,0,29,1,1/10,29.00,7.25,24.0,0,0,New Zealand
L Gregory ,England,4,3,9.0,0,88,1,1/25,88.00,9.77,54.0,0,0,Pakistan
MD Gunathilaka ,Sri Lanka,3,2,4.0,0,19,1,1/8,19.00,4.75,24.0,0,0,West Indies
AM Hardie ,Australia,1,1,4.0,0,36,1,1/36,36.00,9.00,24.0,0,0,West Indies
Haris Rauf ,Pakistan,2,2,6.1,0,67,1,1/35,67.00,10.86,37.0,0,0,Australia
Hasan Mahmud ,Bangladesh,1,1,4.0,0,26,1,1/26,26.00,6.50,24.0,0,0,New Zealand
Hasan Mahmud ,Bangladesh,1,1,4.0,0,36,1,1/36,36.00,9.00,24.0,0,0,South Africa
JO Holder ,West Indies,1,1,4.0,0,22,1,1/22,22.00,5.50,24.0,0,0,Bangladesh
JO Holder ,West Indies,2,2,8.0,0,82,1,1/42,82.00,10.25,48.0,0,0,New Zealand
Iftikhar Ahmed ,Pakistan,6,4,9.0,0,47,1,1/15,47.00,5.22,54.0,0,0,Bangladesh
Iftikhar Ahmed ,Pakistan,4,2,4.0,0,28,1,1/21,28.00,7.00,24.0,0,0,Sri Lanka
Imad Wasim ,Pakistan,4,3,8.0,0,71,1,1/34,71.00,8.87,48.0,0,0,Australia
Imran Tahir ,South Africa,1,1,4.0,0,21,1,1/21,21.00,5.25,24.0,0,0,Sri Lanka
VR Iyer ,India,3,1,3.0,0,12,1,1/12,12.00,4.00,18.0,0,0,New Zealand
WG Jacks ,England,4,1,1.0,0,5,1,1/5,5.00,5.00,6.0,0,0,New Zealand
KA Jamieson ,New Zealand,4,4,15.0,0,175,1,1/32,175.00,11.66,90.0,0,0,Australia
KA Jamieson ,New Zealand,2,2,6.4,0,65,1,1/22,65.00,9.75,40.0,0,0,Pakistan
M Jansen ,South Africa,1,1,4.0,0,45,1,1/45,45.00,11.25,24.0,0,0,Australia
SH Johnson ,Australia,1,1,2.0,0,10,1,1/10,10.00,5.00,12.0,0,0,New Zealand
CJ Jordan ,England,4,4,7.5,0,67,1,1/21,67.00,8.55,47.0,0,0,Bangladesh
B Kumar ,India,2,2,7.0,0,91,1,1/39,91.00,13.00,42.0,0,0,Australia
CBRLS Kumara ,Sri Lanka,1,1,4.0,0,29,1,1/29,29.00,7.25,24.0,0,0,Bangladesh
CBRLS Kumara ,Sri Lanka,1,1,3.0,0,28,1,1/28,28.00,9.33,18.0,0,0,West Indies
RAS Lakmal ,Sri Lanka,1,1,4.0,0,38,1,1/38,38.00,9.50,24.0,0,0,South Africa
LS Livingstone ,England,1,1,4.0,0,15,1,1/15,15.00,3.75,24.0,0,0,Australia
OC McCoy ,West Indies,3,2,5.0,0,56,1,1/44,56.00,11.20,30.0,0,0,England
D Madushanka ,Sri Lanka,2,2,8.0,0,60,1,1/26,60.00,7.50,48.0,0,0,Bangladesh
D Madushanka ,Sri Lanka,2,2,4.0,0,63,1,1/45,63.00,15.75,24.0,0,0,New Zealand
KA Maharaj ,South Africa,2,2,7.0,0,63,1,1/23,63.00,9.00,42.0,0,0,Australia
KA Maharaj ,South Africa,2,2,8.0,0,47,1,1/24,47.00,5.87,48.0,0,0,Bangladesh
Mahedi Hasan ,Bangladesh,4,4,16.0,0,87,1,1/17,87.00,5.43,96.0,0,0,Pakistan
Mahedi Hasan ,Bangladesh,1,1,2.3,0,19,1,1/19,19.00,7.60,15.0,0,0,South Africa
Mahmudullah ,Bangladesh,6,3,3.0,0,18,1,1/9,18.00,6.00,18.0,0,0,Australia
Mahmudullah ,Bangladesh,7,5,9.0,0,49,1,1/10,49.00,5.44,54.0,0,0,New Zealand
SL Malinga ,Sri Lanka,2,2,7.0,0,83,1,1/37,83.00,11.85,42.0,0,0,West Indies
AK Markram ,South Africa,4,2,6.0,0,50,1,1/37,50.00,8.33,36.0,0,0,Australia
AK Markram ,South Africa,2,2,3.0,0,23,1,1/5,23.00,7.66,18.0,0,0,England
AK Markram ,South Africa,6,4,6.0,0,58,1,1/29,58.00,9.66,36.0,0,0,India
AK Markram ,South Africa,7,5,10.0,1,109,1,1/21,109.00,10.90,60.0,0,0,West Indies
MR Marsh ,Australia,7,1,1.0,0,3,1,1/3,3.00,3.00,6.0,0,0,South Africa
AD Mathews ,Sri Lanka,5,3,7.0,0,61,1,1/26,61.00,8.71,42.0,0,0,West Indies
GJ Maxwell ,Australia,1,1,2.0,0,6,1,1/6,6.00,3.00,12.0,0,0,Bangladesh
GJ Maxwell ,Australia,8,6,9.0,0,128,1,1/20,128.00,14.22,54.0,0,0,India
GJ Maxwell ,Australia,1,1,4.0,0,24,1,1/24,24.00,6.00,24.0,0,0,South Africa
GJ Maxwell ,Australia,6,3,5.0,0,45,1,1/31,45.00,9.00,30.0,0,0,West Indies
Mehidy Hasan Miraz ,Bangladesh,1,1,2.0,0,12,1,1/12,12.00,6.00,12.0,0,0,Pakistan
RTM Mendis ,Sri Lanka,2,2,4.0,0,22,1,1/13,22.00,5.50,24.0,0,0,India
TS Mills ,England,1,1,3.0,0,35,1,1/35,35.00,11.66,18.0,0,0,India
AF Milne ,New Zealand,3,3,11.0,0,84,1,1/31,84.00,7.63,66.0,0,0,England
DJ Mitchell ,New Zealand,9,2,2.5,0,34,1,1/9,34.00,12.00,17.0,0,0,England
Mohammad Amir ,Pakistan,3,3,7.4,0,66,1,1/32,66.00,8.60,46.0,0,0,Australia
Mohammad Hafeez ,Pakistan,4,1,2.0,0,16,1,1/16,16.00,8.00,12.0,0,0,New Zealand
Mohammad Hasnain ,Pakistan,1,1,4.0,0,38,1,1/38,38.00,9.50,24.0,0,0,India
Mohammad Hasnain ,Pakistan,1,1,2.0,0,25,1,1/25,25.00,12.50,12.0,0,0,South Africa
Mohammad Irfan ,Pakistan,2,2,6.0,0,58,1,1/27,58.00,9.66,36.0,0,0,Australia
Mohammad Saifuddin ,Bangladesh,1,1,3.0,0,38,1,1/38,38.00,12.66,18.0,0,0,Sri Lanka
Mohammad Wasim ,1) ,1,1,2.0,0,13,1,1/13,13.00,6.50,12.0,0,0,South Africa
Mohammed Shami ,India,1,1,3.0,0,25,1,1/25,25.00,8.33,18.0,0,0,Bangladesh
Mohammed Shami ,India,2,2,7.5,0,68,1,1/25,68.00,8.68,47.0,0,0,Pakistan
Mohammed Shami ,India,1,1,4.0,0,13,1,1/13,13.00,3.25,24.0,0,0,South Africa
Mohammed Siraj ,India,3,3,10.0,1,84,1,1/27,84.00,8.40,60.0,0,0,South Africa
Mohammed Siraj ,India,1,1,4.0,0,22,1,1/22,22.00,5.50,24.0,0,0,Sri Lanka
R Mondol ,Bangladesh,1,1,2.0,0,26,1,1/26,26.00,13.00,12.0,0,0,India
Mosaddek Hossain ,Bangladesh,2,2,5.0,1,34,1,1/0,34.00,6.80,30.0,0,0,West Indies
PWA Mulder ,South Africa,1,1,1.0,0,11,1,1/11,11.00,11.00,6.0,0,0,Sri Lanka
Naseem Shah ,Pakistan,1,1,3.0,0,19,1,1/19,19.00,6.33,18.0,0,0,South Africa
Naseem Shah ,Pakistan,1,1,4.0,0,40,1,1/40,40.00,10.00,24.0,0,0,Sri Lanka
Nasum Ahmed ,Bangladesh,1,1,2.0,0,22,1,1/22,22.00,11.00,12.0,0,0,South Africa
T Natarajan ,India,1,1,4.0,0,39,1,1/39,39.00,9.75,24.0,0,0,England
JDS Neesham ,New Zealand,5,2,2.0,0,19,1,1/7,19.00,9.50,12.0,0,0,Bangladesh
JDS Neesham ,New Zealand,6,3,3.3,0,55,1,1/12,55.00,15.71,21.0,0,0,West Indies
L Ngidi ,South Africa,1,1,4.0,0,32,1,1/32,32.00,8.00,24.0,0,0,Pakistan
KH Pandya ,India,1,1,2.0,0,16,1,1/16,16.00,8.00,12.0,0,0,Sri Lanka
MW Parkinson ,England,2,2,6.0,0,65,1,1/44,65.00,10.83,36.0,0,0,India
MW Parkinson ,England,2,2,8.0,0,72,1,1/25,72.00,9.00,48.0,0,0,Pakistan
WD Parnell ,South Africa,1,1,4.0,0,31,1,1/31,31.00,7.75,24.0,0,0,Pakistan
HV Patel ,India,3,3,8.0,0,99,1,1/18,99.00,12.37,48.0,0,0,Australia
AL Phehlukwayo ,South Africa,1,1,4.0,0,35,1,1/35,35.00,8.75,24.0,0,0,Australia
AL Phehlukwayo ,South Africa,4,4,13.0,0,110,1,1/20,110.00,8.46,78.0,0,0,India
KA Pollard ,West Indies,6,4,9.0,0,69,1,1/24,69.00,7.66,54.0,0,0,South Africa
R Powell ,West Indies,3,1,2.0,0,27,1,1/27,27.00,13.50,12.0,0,0,South Africa
D Pretorius ,South Africa,1,1,3.0,0,11,1,1/11,11.00,3.66,18.0,0,0,Bangladesh
K Rabada ,South Africa,1,1,4.0,0,44,1,1/44,44.00,11.00,24.0,0,0,Pakistan
Rakibul Hasan ,Bangladesh,1,1,2.0,0,12,1,1/12,12.00,6.00,12.0,0,0,Pakistan
R Rampaul ,West Indies,1,1,4.0,0,25,1,1/25,25.00,6.25,24.0,0,0,Bangladesh
R Rampaul ,West Indies,1,1,2.0,0,14,1,1/14,14.00,7.00,12.0,0,0,England
R Ravindra ,New Zealand,1,1,2.0,0,17,1,1/17,17.00,8.50,12.0,0,0,England
R Ravindra ,New Zealand,3,2,5.0,0,51,1,1/24,51.00,10.20,30.0,0,0,Sri Lanka
Ravi Bishnoi ,India,1,1,4.0,0,26,1,1/26,26.00,6.50,24.0,0,0,Bangladesh
Ravi Bishnoi ,India,1,1,4.0,0,26,1,1/26,26.00,6.50,24.0,0,0,Pakistan
Ravi Bishnoi ,India,1,1,4.0,0,32,1,1/32,32.00,8.00,24.0,0,0,Sri Lanka
RA Reifer ,West Indies,2,2,5.0,0,60,1,1/42,60.00,12.00,30.0,0,0,South Africa
KW Richardson ,Australia,1,1,3.0,0,34,1,1/34,34.00,11.33,18.0,0,0,India
Rishad Hossain ,Bangladesh,3,3,8.0,0,53,1,1/24,53.00,6.62,48.0,0,0,New Zealand
Rishad Hossain ,Bangladesh,2,2,7.0,0,53,1,1/32,53.00,7.57,42.0,0,0,Sri Lanka
AD Russell ,West Indies,1,1,4.0,0,29,1,1/29,29.00,7.25,24.0,0,0,Bangladesh
Shahbaz Ahmed ,India,1,1,2.0,0,13,1,1/13,13.00,6.50,12.0,0,0,Bangladesh
NA Saini ,India,2,2,6.0,0,59,1,1/34,59.00,9.83,36.0,0,0,South Africa
C Sakariya ,India,2,1,3.4,0,34,1,1/34,34.00,9.27,22.0,0,0,Sri Lanka
DR Sams ,Australia,1,1,4.0,0,42,1,1/42,42.00,10.50,24.0,0,0,England
PADLR Sandakan ,Sri Lanka,3,3,12.0,0,99,1,1/41,99.00,8.25,72.0,0,0,Australia
PADLR Sandakan ,Sri Lanka,2,2,8.0,0,49,1,1/33,49.00,6.12,48.0,0,0,New Zealand
Shohidul Islam ,Bangladesh,1,1,3.5,0,33,1,1/33,33.00,8.60,23.0,0,0,Pakistan
Shahnawaz Dahani ,Pakistan,2,2,5.0,0,43,1,1/22,43.00,8.60,30.0,0,0,New Zealand
Shahnawaz Dahani ,Pakistan,1,1,4.0,0,23,1,1/23,23.00,5.75,24.0,0,0,West Indies
MD Shanaka ,Sri Lanka,4,4,4.0,0,33,1,1/6,33.00,8.25,24.0,0,0,South Africa
Shakib Al Hasan ,Bangladesh,2,2,7.0,0,63,1,1/35,63.00,9.00,42.0,0,0,Pakistan
R Shepherd ,West Indies,4,3,8.0,0,79,1,1/26,79.00,9.87,48.0,0,0,New Zealand
R Shepherd ,West Indies,3,3,9.5,0,108,1,1/20,108.00,10.98,59.0,0,0,South Africa
Shoriful Islam ,Bangladesh,1,1,3.1,0,26,1,1/26,26.00,8.21,19.0,0,0,England
Shoriful Islam ,Bangladesh,3,3,9.5,0,71,1,1/31,71.00,7.22,59.0,0,0,Pakistan
Shoriful Islam ,Bangladesh,2,2,8.0,1,67,1,1/47,67.00,8.37,48.0,0,0,Sri Lanka
MW Short ,Australia,4,2,2.0,0,23,1,1/13,23.00,11.50,12.0,0,0,India
MW Short ,Australia,2,1,2.0,0,33,1,1/33,33.00,16.50,12.0,0,0,New Zealand
L Sipamla ,South Africa,3,3,9.0,0,89,1,1/37,89.00,9.88,54.0,0,0,Pakistan
OF Smith ,West Indies,3,2,5.0,0,45,1,1/41,45.00,9.00,30.0,0,0,England
Soumya Sarkar ,Bangladesh,4,2,3.3,0,28,1,1/6,28.00,8.00,21.0,0,0,Pakistan
Soumya Sarkar ,Bangladesh,2,2,2.0,0,13,1,1/5,13.00,6.50,12.0,0,0,Sri Lanka
MA Starc ,Australia,4,4,14.0,0,150,1,1/39,150.00,10.71,84.0,0,0,New Zealand
DW Steyn ,South Africa,2,2,8.0,0,76,1,1/33,76.00,9.50,48.0,0,0,England
MP Stoinis ,Australia,4,2,6.0,0,63,1,1/27,63.00,10.50,36.0,0,0,India
MP Stoinis ,Australia,7,4,8.0,0,78,1,1/17,78.00,9.75,48.0,0,0,New Zealand
BA Stokes ,England,3,2,4.0,0,28,1,1/10,28.00,7.00,24.0,0,0,Australia
BA Stokes ,England,1,1,1.0,0,10,1,1/10,10.00,10.00,6.0,0,0,New Zealand
BA Stokes ,England,1,1,4.0,0,32,1,1/32,32.00,8.00,24.0,0,0,Pakistan
BA Stokes ,England,1,1,3.0,0,24,1,1/24,24.00,8.00,18.0,0,0,Sri Lanka
Sufiyan Muqeem ,Pakistan,1,1,2.0,0,32,1,1/32,32.00,16.00,12.0,0,0,Bangladesh
MJ Swepson ,Australia,1,1,3.0,0,41,1,1/41,41.00,13.66,18.0,0,0,West Indies
Tanvir Islam ,Bangladesh,1,1,2.0,0,17,1,1/17,17.00,8.50,12.0,0,0,England
Taskin Ahmed ,Bangladesh,1,1,3.2,0,36,1,1/36,36.00,10.80,20.0,0,0,Australia
M Theekshana ,Sri Lanka,4,4,16.0,0,124,1,1/35,124.00,7.75,96.0,0,0,South Africa
O Thomas ,West Indies,2,2,4.0,0,59,1,1/31,59.00,14.75,24.0,0,0,Australia
NT Tilak Varma ,India,1,1,2.0,0,5,1,1/5,5.00,2.50,12.0,0,0,Bangladesh
NT Tilak Varma ,India,5,1,2.0,0,17,1,1/17,17.00,8.50,12.0,0,0,West Indies
AJ Turner ,Australia,5,3,7.0,0,40,1,1/16,40.00,5.71,42.0,0,0,Bangladesh
I Udana ,Sri Lanka,3,2,6.3,0,56,1,1/18,56.00,8.61,39.0,0,0,New Zealand
I Udana ,Sri Lanka,3,3,11.0,0,107,1,1/39,107.00,9.72,66.0,0,0,South Africa
I Udana ,Sri Lanka,1,1,3.0,0,41,1,1/41,41.00,13.66,18.0,0,0,West Indies
Umran Malik ,India,1,1,4.0,0,56,1,1/56,56.00,14.00,24.0,0,0,England
Usman Qadir ,Pakistan,1,1,4.0,0,34,1,1/34,34.00,8.50,24.0,0,0,Sri Lanka
Usman Qadir ,Pakistan,4,2,2.0,0,17,1,1/6,17.00,8.50,12.0,0,0,West Indies
JDF Vandersay ,Sri Lanka,2,2,8.0,0,75,1,1/32,75.00,9.37,48.0,0,0,Australia
HR Walsh ,West Indies,4,3,10.0,0,100,1,1/16,100.00,10.00,60.0,0,0,New Zealand
HR Walsh ,West Indies,6,3,10.0,0,85,1,1/30,85.00,8.50,60.0,0,0,Pakistan
DJ Willey ,England,2,2,3.5,0,33,1,1/21,33.00,8.60,23.0,0,0,Australia
CR Woakes ,England,4,4,8.0,0,52,1,1/12,52.00,6.50,48.0,0,0,Bangladesh
CR Woakes ,England,1,1,3.0,0,24,1,1/24,24.00,8.00,18.0,0,0,India
MA Wood ,England,1,1,2.0,0,24,1,1/24,24.00,12.00,12.0,0,0,Bangladesh
MA Wood ,England,2,2,7.0,0,59,1,1/25,59.00,8.42,42.0,0,0,New Zealand
UT Yadav ,India,1,1,3.0,0,34,1,1/34,34.00,11.33,18.0,0,0,South Africa
Afif Hossain ,Bangladesh,3,1,1.0,0,7,1,-,12,7.00,-,0,0,England
Afif Hossain ,Bangladesh,9,4,4.0,0,43,1,-,13,10.75,-,0,0,Pakistan
Afif Hossain ,Bangladesh,2,1,1.0,0,15,1,-,14,15.00,-,0,0,Sri Lanka
MM Ali ,England,7,4,4.0,0,33,1,-,15,8.25,-,0,0,Australia
Arafat Minhas ,Pakistan,1,1,1.0,0,15,1,-,16,15.00,-,0,0,Bangladesh
KIC Asalanka ,Sri Lanka,10,1,3.0,0,7,1,-,17,2.33,-,0,0,Australia
KIC Asalanka ,Sri Lanka,4,1,1.0,0,14,1,-,18,14.00,-,0,0,Bangladesh
KIC Asalanka ,Sri Lanka,2,1,1.0,0,8,1,-,19,8.00,-,0,0,England
R Ashwin ,India,1,1,2.0,0,19,1,-,20,9.50,-,0,0,Bangladesh
R Ashwin ,India,1,1,2.0,0,27,1,-,21,13.50,-,0,0,England
R Ashwin ,India,1,1,3.0,0,23,1,-,22,7.66,-,0,0,Pakistan
TD Astle ,New Zealand,1,1,3.0,0,34,1,-,23,11.33,-,0,0,India
AAP Atkinson ,England,1,1,2.0,0,33,1,-,24,16.50,-,0,0,West Indies
KNA Bandara ,Sri Lanka,3,1,1.0,0,2,1,-,25,2.00,-,0,0,West Indies
HK Bennett ,New Zealand,2,2,2.5,0,50,1,-,26,17.64,-,0,0,West Indies
DAJ Bracewell ,New Zealand,2,2,4.0,0,33,1,-,27,8.25,-,0,0,Bangladesh
CR Brathwaite ,West Indies,3,3,6.1,0,59,1,-,28,9.56,-,0,0,India
JJ Bumrah ,India,1,1,3.0,0,22,1,-,29,7.33,-,0,0,Pakistan
JD Campbell ,West Indies,1,1,1.0,0,1,1,-,30,1.00,-,0,0,England
PVD Chameera ,Sri Lanka,1,1,4.0,0,41,1,-,31,10.25,-,0,0,Bangladesh
MS Chapman ,New Zealand,8,1,1.0,0,9,1,-,32,9.00,-,0,0,Bangladesh
MS Chapman ,New Zealand,7,1,1.0,0,4,1,-,33,4.00,-,0,0,India
RL Chase ,West Indies,2,1,4.0,0,43,1,-,34,10.75,-,0,0,South Africa
RL Chase ,West Indies,1,1,1.0,0,6,1,-,35,6.00,-,0,0,Sri Lanka
DT Christian ,Australia,4,3,5.0,0,55,1,-,36,11.00,-,0,0,West Indies
PJ Cummins ,Australia,1,1,3.0,0,18,1,-,37,6.00,-,0,0,Bangladesh
TK Curran ,England,1,1,2.0,0,26,1,-,38,13.00,-,0,0,India
TK Curran ,England,2,2,2.0,0,9,1,-,39,4.50,-,0,0,West Indies
CJ Dala ,South Africa,1,1,2.0,0,25,1,-,40,12.50,-,0,0,Pakistan
A Dananjaya ,Sri Lanka,1,1,2.0,0,19,1,-,41,9.50,-,0,0,Bangladesh
A Dananjaya ,Sri Lanka,2,2,5.1,0,53,1,-,42,10.25,-,0,0,England
LA Dawson ,England,2,2,5.0,0,25,1,-,43,5.00,-,0,0,West Indies
C de Grandhomme ,New Zealand,3,2,4.0,0,41,1,-,12,10.25,-,0,0,Sri Lanka
JL Denly ,England,1,1,1.0,0,8,1,-,13,8.00,-,0,0,Australia
JL Denly ,England,1,1,1.0,0,15,1,-,14,15.00,-,0,0,Pakistan
DC Drakes ,West Indies,1,1,1.0,0,6,1,-,15,6.00,-,0,0,Bangladesh
DC Drakes ,West Indies,1,1,2.0,0,26,1,-,16,13.00,-,0,0,England
S Dube ,India,3,3,6.0,0,63,1,-,17,10.50,-,0,0,West Indies
JP Duminy ,South Africa,3,1,1.0,0,18,1,-,18,18.00,-,0,0,Sri Lanka
BJ Dwarshuis ,Australia,1,1,3.0,0,42,1,-,19,14.00,-,0,0,Pakistan
Faheem Ashraf ,Pakistan,1,1,3.2,0,43,1,-,20,12.90,-,0,0,England
Faheem Ashraf ,Pakistan,1,1,3.0,0,31,1,-,21,10.33,-,0,0,Sri Lanka
AM Fernando ,Sri Lanka,1,1,2.0,0,28,1,-,22,14.00,-,0,0,India
N Pradeep ,Sri Lanka,1,1,2.0,0,23,1,-,23,11.50,-,0,0,England
N Pradeep ,Sri Lanka,1,1,0.1,0,6,1,-,24,36.00,-,0,0,West Indies
B Fernando ,Sri Lanka,2,2,8.0,0,82,1,-,25,10.25,-,0,0,India
MW Forde ,West Indies,1,1,3.0,0,54,1,-,26,18.00,-,0,0,England
BC Fortuin ,South Africa,2,2,3.0,0,29,1,-,27,9.66,-,0,0,England
CH Gayle ,West Indies,4,1,1.0,0,11,1,-,28,11.00,-,0,0,Pakistan
C Green ,Australia,1,1,3.0,0,38,1,-,29,12.66,-,0,0,England
CJ Green ,Australia,1,1,4.0,0,36,1,-,30,9.00,-,0,0,India
MD Gunathilaka ,Sri Lanka,9,1,0.5,0,8,1,-,31,9.60,-,0,0,Australia
MD Gunathilaka ,Sri Lanka,1,1,1.0,0,7,1,-,32,7.00,-,0,0,New Zealand
MD Gunathilaka ,Sri Lanka,5,1,1.0,0,15,1,-,33,15.00,-,0,0,Pakistan
AM Hardie ,Australia,2,2,4.0,0,34,1,-,34,8.50,-,0,0,South Africa
Hasan Ali ,Pakistan,2,2,7.0,0,74,1,-,35,10.57,-,0,0,Australia
Hasan Ali ,Pakistan,1,1,3.0,0,26,1,-,36,8.66,-,0,0,New Zealand
Hasan Ali ,Pakistan,1,1,3.0,0,25,1,-,37,8.33,-,0,0,Sri Lanka
Hasan Murad ,Bangladesh,1,1,2.0,0,16,1,-,38,8.00,-,0,0,India
JR Hazlewood ,Australia,1,1,4.0,0,49,1,-,39,12.25,-,0,0,Pakistan
TM Head ,Australia,1,1,2.0,0,17,1,-,13,8.50,-,0,0,Pakistan
RR Hendricks ,South Africa,8,1,1.0,0,21,1,-,14,21.00,-,0,0,West Indies
MC Henriques ,Australia,5,1,1.0,0,5,1,-,15,5.00,-,0,0,Bangladesh
MJ Henry ,New Zealand,1,1,4.0,0,33,1,-,16,8.25,-,0,0,Sri Lanka
DJ Hooda ,India,7,1,3.0,0,24,1,-,17,8.00,-,0,0,Sri Lanka
DJ Hooda ,India,3,2,2.0,0,5,1,-,18,2.50,-,0,0,West Indies
AJ Hosein ,West Indies,1,1,2.0,0,22,1,-,19,11.00,-,0,0,Sri Lanka
Iftikhar Ahmed ,Pakistan,3,1,1.2,0,14,1,-,20,10.50,-,0,0,South Africa
Iftikhar Ahmed ,Pakistan,3,1,1.0,0,15,1,-,21,15.00,-,0,0,West Indies
Ihsanullah ,Pakistan,1,1,4.0,0,39,1,-,22,9.75,-,0,0,New Zealand
Imad Wasim ,Pakistan,2,2,5.0,0,31,1,-,23,6.20,-,0,0,Bangladesh
Imad Wasim ,Pakistan,1,1,2.0,0,10,1,-,24,5.00,-,0,0,India
SS Iyer ,India,8,1,0.2,0,2,1,-,25,6.00,-,0,0,South Africa
WG Jacks ,England,5,1,1.0,0,14,1,-,26,14.00,-,0,0,West Indies
RA Jadeja ,India,2,2,6.0,0,67,1,-,27,11.16,-,0,0,England
RA Jadeja ,India,2,2,6.0,0,39,1,-,28,6.50,-,0,0,Pakistan
YBK Jaiswal ,India,3,1,1.0,0,11,1,-,29,11.00,-,0,0,West Indies
GSNFG Jayasuriya ,Sri Lanka,1,1,2.0,0,24,1,-,30,12.00,-,0,0,Australia
GSNFG Jayasuriya ,Sri Lanka,2,2,3.0,0,32,1,-,31,10.66,-,0,0,New Zealand
GSNFG Jayasuriya ,Sri Lanka,2,1,1.0,0,11,1,-,32,11.00,-,0,0,West Indies
P Jayawickrama ,Sri Lanka,2,2,4.0,0,34,1,-,33,8.50,-,0,0,India
P Jayawickrama ,Sri Lanka,1,1,1.1,0,12,1,-,34,10.28,-,0,0,South Africa
AS Joseph ,West Indies,1,1,4.0,0,35,1,-,35,8.75,-,0,0,New Zealand
C Karunaratne ,Sri Lanka,2,1,2.0,0,17,1,-,36,8.50,-,0,0,England
C Karunaratne ,Sri Lanka,2,2,6.0,0,70,1,-,37,11.66,-,0,0,New Zealand
C Karunaratne ,Sri Lanka,4,3,6.4,0,60,1,-,38,9.00,-,0,0,South Africa
Khushdil Shah ,Pakistan,2,1,1.0,0,9,1,-,39,9.00,-,0,0,Australia
Khushdil Shah ,Pakistan,2,1,1.0,0,6,1,-,40,6.00,-,0,0,South Africa
H Klaasen ,South Africa,5,1,1.0,0,14,1,-,41,14.00,-,0,0,England
SC Kuggeleijn ,New Zealand,2,2,4.0,0,55,1,-,42,13.75,-,0,0,England
B Kumar ,India,1,1,3.0,0,27,1,-,43,9.00,-,0,0,Bangladesh
CBRLS Kumara ,Sri Lanka,1,1,3.5,0,35,1,-,44,9.13,-,0,0,South Africa
BG Lister ,New Zealand,1,1,4.0,0,42,1,-,45,10.50,-,0,0,India
LS Livingstone ,England,4,4,8.0,0,95,1,-,46,11.87,-,0,0,India
LS Livingstone ,England,4,3,6.0,0,61,1,-,47,10.16,-,0,0,Pakistan
D Madushanka ,Sri Lanka,2,2,7.0,0,59,1,-,48,8.42,-,0,0,Pakistan
LD Madushanka ,Sri Lanka,1,1,4.0,0,36,1,-,49,9.00,-,0,0,Pakistan
Mahedi Hasan ,Bangladesh,1,1,2.0,0,21,1,-,50,10.50,-,0,0,England
S Mahmood ,England,3,3,9.0,0,96,1,-,51,10.66,-,0,0,West Indies
Mahmudullah ,Bangladesh,3,1,1.0,0,10,1,-,52,10.00,-,0,0,India
Mahmudullah ,Bangladesh,4,1,2.0,0,21,1,-,53,10.50,-,0,0,Sri Lanka
Mahmudullah ,Bangladesh,4,1,0.2,0,7,1,-,54,21.00,-,0,0,West Indies
Mahmudul Hasan Joy ,Bangladesh,1,1,0.2,0,5,1,-,55,15.00,-,0,0,India
SL Malinga ,Sri Lanka,3,2,8.0,0,81,1,-,56,10.12,-,0,0,India
MR Marsh ,Australia,6,2,2.0,0,21,1,-,57,10.50,-,0,0,Bangladesh
MR Marsh ,Australia,1,1,1.0,0,11,1,-,58,11.00,-,0,0,Pakistan
MR Marsh ,Australia,4,3,4.0,0,42,1,-,59,10.50,-,0,0,Sri Lanka
AD Mathews ,Sri Lanka,1,1,3.0,0,38,1,-,60,12.66,-,0,0,India
GJ Maxwell ,Australia,1,1,3.0,0,20,1,-,61,6.66,-,0,0,Pakistan
KR Mayers ,West Indies,3,2,3.0,0,30,1,-,62,10.00,-,0,0,Australia
KR Mayers ,West Indies,3,1,2.0,0,14,1,-,63,7.00,-,0,0,Bangladesh
KR Mayers ,West Indies,6,1,1.0,0,7,1,-,64,7.00,-,0,0,England
KR Mayers ,West Indies,12,2,2.0,0,16,1,-,65,8.00,-,0,0,India
KR Mayers ,West Indies,4,3,4.0,0,35,1,-,66,8.75,-,0,0,New Zealand
CE McConchie ,New Zealand,2,1,1.0,0,9,1,-,67,9.00,-,0,0,Pakistan
Mehidy Hasan Miraz ,Bangladesh,1,1,2.0,0,12,1,-,68,6.00,-,0,0,New Zealand
Mehidy Hasan Miraz ,Bangladesh,1,1,3.0,0,32,1,-,69,10.66,-,0,0,South Africa
Mehidy Hasan Miraz ,Bangladesh,1,1,1.0,0,11,1,-,70,11.00,-,0,0,Sri Lanka
PHKD Mendis ,Sri Lanka,4,3,5.0,0,43,1,-,71,8.60,-,0,0,South Africa
TS Mills ,England,1,1,1.3,0,19,1,-,72,12.66,-,0,0,Sri Lanka
DJ Mitchell ,New Zealand,6,1,2.0,0,21,1,-,73,10.50,-,0,0,Bangladesh
Mohammad Amir ,Pakistan,2,2,4.1,0,39,1,-,74,9.36,-,0,0,England
Mohammad Hafeez ,Pakistan,1,1,1.0,0,13,1,-,75,13.00,-,0,0,Australia
Mohammad Hafeez ,Pakistan,1,1,2.0,0,12,1,-,76,6.00,-,0,0,India
Mohammad Hasnain ,Pakistan,1,1,4.0,0,32,1,-,77,8.00,-,0,0,Australia
Mohammad Hasnain ,Pakistan,1,1,4.0,0,29,1,-,78,7.25,-,0,0,New Zealand
Mohammad Hasnain ,Pakistan,1,1,4.0,0,49,1,-,79,12.25,-,0,0,West Indies
Mohammad Nawaz ,Pakistan,2,2,5.0,0,24,1,-,80,4.80,-,0,0,Sri Lanka
Mohammad Saifuddin ,Bangladesh,1,1,3.5,0,53,1,-,81,13.82,-,0,0,Pakistan
Mohammed Shami ,India,1,1,4.0,0,46,1,-,82,11.50,-,0,0,Australia
Mohammed Shami ,India,1,1,3.0,0,39,1,-,83,13.00,-,0,0,England
R Mondol ,Bangladesh,1,1,2.0,0,20,1,-,84,10.00,-,0,0,Pakistan
Mosaddek Hossain ,Bangladesh,3,2,2.0,0,29,1,-,85,14.50,-,0,0,India
Mosaddek Hossain ,Bangladesh,3,2,3.0,0,31,1,-,86,10.33,-,0,0,New Zealand
Mosaddek Hossain ,Bangladesh,2,1,2.0,0,17,1,-,87,8.50,-,0,0,Pakistan
Mosaddek Hossain ,Bangladesh,1,1,2.0,0,16,1,-,88,8.00,-,0,0,South Africa
G Motie ,West Indies,1,1,4.0,0,29,1,-,89,7.25,-,0,0,Pakistan
Mrittunjoy Chowdhury ,Bangladesh,1,1,1.0,0,14,1,-,90,14.00,-,0,0,India
Muhammad Musa ,Pakistan,1,1,3.5,0,39,1,-,91,10.17,-,0,0,Australia
PWA Mulder ,South Africa,1,1,2.0,0,14,1,-,92,7.00,-,0,0,Pakistan
